id,pw
yhjj819,a7664127
yhjj820,a7664127
yhjj821,a7664127
yhjj822,a7664127
yhjj823,a7664127
yhjj824,a7664127
yhjj825,a7664127
yhjj826,a7664127
yhjj827,a7664127
yhjj828,a7664127
yhjj829,a7664127
yhjj830,a7664127
yhjj831,a7664127
yhjj832,a7664127
yhjj833,a7664127
yhjj834,a7664127
yhjj835,a7664127
yhjj836,a7664127
yhjj837,a7664127
yhjj838,a7664127
yhjj839,a7664127
yhjj840,a7664127
yhjj841,a7664127
yhjj842,a7664127
yhjj843,a7664127
yhjj844,a7664127
yhjj845,a7664127
yhjj846,a7664127
yhjj847,a7664127
yhjj848,a7664127
yhjj849,a7664127
yhjj850,a7664127
yhjj851,a7664127
yhjj852,a7664127
yhjj853,a7664127
yhjj854,a7664127
yhjj855,a7664127
yhjj856,a7664127
yhjj857,a7664127
yhjj858,a7664127
yhjj859,a7664127
yhjj860,a7664127
yhjj861,a7664127
yhjj862,a7664127
yhjj863,a7664127
yhjj864,a7664127
yhjj865,a7664127
yhjj866,a7664127
yhjj867,a7664127
yhjj868,a7664127
yhjj869,a7664127
yhjj870,a7664127
yhjj871,a7664127
yhjj872,a7664127
yhjj873,a7664127
yhjj874,a7664127
yhjj875,a7664127
yhjj876,a7664127
yhjj877,a7664127
yhjj878,a7664127
yhjj879,a7664127
yhjj880,a7664127
yhjj881,a7664127
yhjj882,a7664127
yhjj883,a7664127
yhjj884,a7664127
yhjj885,a7664127
yhjj886,a7664127
yhjj887,a7664127
yhjj888,a7664127
yhjj889,a7664127
yhjj890,a7664127
yhjj891,a7664127
yhjj892,a7664127
yhjj893,a7664127
yhjj894,a7664127
yhjj895,a7664127
yhjj896,a7664127
yhjj897,a7664127
yhjj898,a7664127
yhjj899,a7664127
yhjj900,a7664127
yhjj901,a7664127
yhjj902,a7664127
yhjj903,a7664127
yhjj904,a7664127
yhjj905,a7664127
yhjj906,a7664127
yhjj907,a7664127
yhjj908,a7664127
yhjj909,a7664127
yhjj910,a7664127
yhjj911,a7664127
yhjj912,a7664127
yhjj913,a7664127
yhjj914,a7664127
yhjj915,a7664127
yhjj916,a7664127
yhjj917,a7664127
yhjj918,a7664127
yhjj919,a7664127
yhjj920,a7664127
yhjj921,a7664127
yhjj922,a7664127
yhjj923,a7664127
yhjj924,a7664127
yhjj925,a7664127
yhjj926,a7664127
yhjj927,a7664127
yhjj928,a7664127
yhjj929,a7664127
yhjj930,a7664127
yhjj931,a7664127
yhjj932,a7664127
yhjj933,a7664127
yhjj934,a7664127
yhjj935,a7664127
yhjj936,a7664127
yhjj937,a7664127
yhjj938,a7664127
yhjj939,a7664127
yhjj940,a7664127
yhjj941,a7664127
yhjj942,a7664127
yhjj943,a7664127
yhjj944,a7664127
yhjj945,a7664127
yhjj946,a7664127
yhjj947,a7664127
yhjj948,a7664127
yhjj949,a7664127
yhjj950,a7664127
yhjj951,a7664127
yhjj952,a7664127
yhjj953,a7664127
yhjj954,a7664127
yhjj955,a7664127
yhjj956,a7664127
yhjj957,a7664127
yhjj958,a7664127
yhjj959,a7664127
yhjj960,a7664127
yhjj961,a7664127
yhjj962,a7664127
yhjj963,a7664127
yhjj964,a7664127
yhjj965,a7664127
yhjj966,a7664127
yhjj967,a7664127
yhjj968,a7664127
yhjj969,a7664127
yhjj970,a7664127
yhjj971,a7664127
yhjj972,a7664127
yhjj973,a7664127
yhjj974,a7664127
yhjj975,a7664127
yhjj976,a7664127
yhjj977,a7664127
yhjj978,a7664127
yhjj979,a7664127
yhjj980,a7664127
yhjj981,a7664127
yhjj982,a7664127
yhjj983,a7664127
yhjj984,a7664127
yhjj985,a7664127
yhjj986,a7664127
yhjj987,a7664127
yhjj988,a7664127
yhjj989,a7664127
yhjj990,a7664127
yhjj991,a7664127
yhjj992,a7664127
yhjj993,a7664127
yhjj994,a7664127
yhjj995,a7664127
yhjj996,a7664127
yhjj997,a7664127
yhjj998,a7664127
yhjj999,a7664127
yhjj1000,a7664127
yhjj1001,a7664127
yhjj1002,a7664127
yhjj1003,a7664127
yhjj1004,a7664127
yhjj1005,a7664127
yhjj1006,a7664127
yhjj1007,a7664127
yhjj1008,a7664127
yhjj1009,a7664127
yhjj1010,a7664127
yhjj1011,a7664127
yhjj1012,a7664127
yhjj1013,a7664127
yhjj1014,a7664127
yhjj1015,a7664127
yhjj1016,a7664127
yhjj1017,a7664127
yhjj1018,a7664127
