id,pw,nickName,tel,email
yhjj815,a7664127,yhjj815,010-3370-7750,a@a.com
yhjj819,a7664127,yhjj819,010-3370-7750,a@a.com
yhjj820,a7664127,yhjj820,010-3370-7750,a@a.com
yhjj821,a7664127,yhjj821,010-3370-7750,a@a.com
yhjj822,a7664127,yhjj822,010-3370-7750,a@a.com
yhjj823,a7664127,yhjj823,010-3370-7750,a@a.com
yhjj824,a7664127,yhjj824,010-3370-7750,a@a.com
yhjj825,a7664127,yhjj825,010-3370-7750,a@a.com
yhjj826,a7664127,yhjj826,010-3370-7750,a@a.com
yhjj827,a7664127,yhjj827,010-3370-7750,a@a.com
yhjj828,a7664127,yhjj828,010-3370-7750,a@a.com
yhjj829,a7664127,yhjj829,010-3370-7750,a@a.com
yhjj830,a7664127,yhjj830,010-3370-7750,a@a.com
yhjj831,a7664127,yhjj831,010-3370-7750,a@a.com
yhjj832,a7664127,yhjj832,010-3370-7750,a@a.com
yhjj833,a7664127,yhjj833,010-3370-7750,a@a.com
yhjj834,a7664127,yhjj834,010-3370-7750,a@a.com
yhjj835,a7664127,yhjj835,010-3370-7750,a@a.com
yhjj836,a7664127,yhjj836,010-3370-7750,a@a.com
yhjj837,a7664127,yhjj837,010-3370-7750,a@a.com
yhjj838,a7664127,yhjj838,010-3370-7750,a@a.com
yhjj839,a7664127,yhjj839,010-3370-7750,a@a.com
yhjj840,a7664127,yhjj840,010-3370-7750,a@a.com
yhjj841,a7664127,yhjj841,010-3370-7750,a@a.com
yhjj842,a7664127,yhjj842,010-3370-7750,a@a.com
yhjj843,a7664127,yhjj843,010-3370-7750,a@a.com
yhjj844,a7664127,yhjj844,010-3370-7750,a@a.com
yhjj845,a7664127,yhjj845,010-3370-7750,a@a.com
yhjj846,a7664127,yhjj846,010-3370-7750,a@a.com
yhjj847,a7664127,yhjj847,010-3370-7750,a@a.com
yhjj848,a7664127,yhjj848,010-3370-7750,a@a.com
yhjj849,a7664127,yhjj849,010-3370-7750,a@a.com
yhjj850,a7664127,yhjj850,010-3370-7750,a@a.com
yhjj851,a7664127,yhjj851,010-3370-7750,a@a.com
yhjj852,a7664127,yhjj852,010-3370-7750,a@a.com
yhjj853,a7664127,yhjj853,010-3370-7750,a@a.com
yhjj854,a7664127,yhjj854,010-3370-7750,a@a.com
yhjj855,a7664127,yhjj855,010-3370-7750,a@a.com
yhjj856,a7664127,yhjj856,010-3370-7750,a@a.com
yhjj857,a7664127,yhjj857,010-3370-7750,a@a.com
yhjj858,a7664127,yhjj858,010-3370-7750,a@a.com
yhjj859,a7664127,yhjj859,010-3370-7750,a@a.com
yhjj860,a7664127,yhjj860,010-3370-7750,a@a.com
yhjj861,a7664127,yhjj861,010-3370-7750,a@a.com
yhjj862,a7664127,yhjj862,010-3370-7750,a@a.com
yhjj863,a7664127,yhjj863,010-3370-7750,a@a.com
yhjj864,a7664127,yhjj864,010-3370-7750,a@a.com
yhjj865,a7664127,yhjj865,010-3370-7750,a@a.com
yhjj866,a7664127,yhjj866,010-3370-7750,a@a.com
yhjj867,a7664127,yhjj867,010-3370-7750,a@a.com
yhjj868,a7664127,yhjj868,010-3370-7750,a@a.com
yhjj869,a7664127,yhjj869,010-3370-7750,a@a.com
yhjj870,a7664127,yhjj870,010-3370-7750,a@a.com
yhjj871,a7664127,yhjj871,010-3370-7750,a@a.com
yhjj872,a7664127,yhjj872,010-3370-7750,a@a.com
yhjj873,a7664127,yhjj873,010-3370-7750,a@a.com
yhjj874,a7664127,yhjj874,010-3370-7750,a@a.com
yhjj875,a7664127,yhjj875,010-3370-7750,a@a.com
yhjj876,a7664127,yhjj876,010-3370-7750,a@a.com
yhjj877,a7664127,yhjj877,010-3370-7750,a@a.com
yhjj878,a7664127,yhjj878,010-3370-7750,a@a.com
yhjj879,a7664127,yhjj879,010-3370-7750,a@a.com
yhjj880,a7664127,yhjj880,010-3370-7750,a@a.com
yhjj881,a7664127,yhjj881,010-3370-7750,a@a.com
yhjj882,a7664127,yhjj882,010-3370-7750,a@a.com
yhjj883,a7664127,yhjj883,010-3370-7750,a@a.com
yhjj884,a7664127,yhjj884,010-3370-7750,a@a.com
yhjj885,a7664127,yhjj885,010-3370-7750,a@a.com
yhjj886,a7664127,yhjj886,010-3370-7750,a@a.com
yhjj887,a7664127,yhjj887,010-3370-7750,a@a.com
yhjj888,a7664127,yhjj888,010-3370-7750,a@a.com
yhjj889,a7664127,yhjj889,010-3370-7750,a@a.com
yhjj890,a7664127,yhjj890,010-3370-7750,a@a.com
yhjj891,a7664127,yhjj891,010-3370-7750,a@a.com
yhjj892,a7664127,yhjj892,010-3370-7750,a@a.com
yhjj893,a7664127,yhjj893,010-3370-7750,a@a.com
yhjj894,a7664127,yhjj894,010-3370-7750,a@a.com
yhjj895,a7664127,yhjj895,010-3370-7750,a@a.com
yhjj896,a7664127,yhjj896,010-3370-7750,a@a.com
yhjj897,a7664127,yhjj897,010-3370-7750,a@a.com
yhjj898,a7664127,yhjj898,010-3370-7750,a@a.com
yhjj899,a7664127,yhjj899,010-3370-7750,a@a.com
yhjj900,a7664127,yhjj900,010-3370-7750,a@a.com
yhjj901,a7664127,yhjj901,010-3370-7750,a@a.com
yhjj902,a7664127,yhjj902,010-3370-7750,a@a.com
yhjj903,a7664127,yhjj903,010-3370-7750,a@a.com
yhjj904,a7664127,yhjj904,010-3370-7750,a@a.com
yhjj905,a7664127,yhjj905,010-3370-7750,a@a.com
yhjj906,a7664127,yhjj906,010-3370-7750,a@a.com
yhjj907,a7664127,yhjj907,010-3370-7750,a@a.com
yhjj908,a7664127,yhjj908,010-3370-7750,a@a.com
yhjj909,a7664127,yhjj909,010-3370-7750,a@a.com
yhjj910,a7664127,yhjj910,010-3370-7750,a@a.com
yhjj911,a7664127,yhjj911,010-3370-7750,a@a.com
yhjj912,a7664127,yhjj912,010-3370-7750,a@a.com
yhjj913,a7664127,yhjj913,010-3370-7750,a@a.com
yhjj914,a7664127,yhjj914,010-3370-7750,a@a.com
yhjj915,a7664127,yhjj915,010-3370-7750,a@a.com
yhjj916,a7664127,yhjj916,010-3370-7750,a@a.com
yhjj917,a7664127,yhjj917,010-3370-7750,a@a.com
yhjj918,a7664127,yhjj918,010-3370-7750,a@a.com
yhjj919,a7664127,yhjj919,010-3370-7750,a@a.com
yhjj920,a7664127,yhjj920,010-3370-7750,a@a.com
yhjj921,a7664127,yhjj921,010-3370-7750,a@a.com
yhjj922,a7664127,yhjj922,010-3370-7750,a@a.com
yhjj923,a7664127,yhjj923,010-3370-7750,a@a.com
yhjj924,a7664127,yhjj924,010-3370-7750,a@a.com
yhjj925,a7664127,yhjj925,010-3370-7750,a@a.com
yhjj926,a7664127,yhjj926,010-3370-7750,a@a.com
yhjj927,a7664127,yhjj927,010-3370-7750,a@a.com
yhjj928,a7664127,yhjj928,010-3370-7750,a@a.com
yhjj929,a7664127,yhjj929,010-3370-7750,a@a.com
yhjj930,a7664127,yhjj930,010-3370-7750,a@a.com
yhjj931,a7664127,yhjj931,010-3370-7750,a@a.com
yhjj932,a7664127,yhjj932,010-3370-7750,a@a.com
yhjj933,a7664127,yhjj933,010-3370-7750,a@a.com
yhjj934,a7664127,yhjj934,010-3370-7750,a@a.com
yhjj935,a7664127,yhjj935,010-3370-7750,a@a.com
yhjj936,a7664127,yhjj936,010-3370-7750,a@a.com
yhjj937,a7664127,yhjj937,010-3370-7750,a@a.com
yhjj938,a7664127,yhjj938,010-3370-7750,a@a.com
yhjj939,a7664127,yhjj939,010-3370-7750,a@a.com
yhjj940,a7664127,yhjj940,010-3370-7750,a@a.com
yhjj941,a7664127,yhjj941,010-3370-7750,a@a.com
yhjj942,a7664127,yhjj942,010-3370-7750,a@a.com
yhjj943,a7664127,yhjj943,010-3370-7750,a@a.com
yhjj944,a7664127,yhjj944,010-3370-7750,a@a.com
yhjj945,a7664127,yhjj945,010-3370-7750,a@a.com
yhjj946,a7664127,yhjj946,010-3370-7750,a@a.com
yhjj947,a7664127,yhjj947,010-3370-7750,a@a.com
yhjj948,a7664127,yhjj948,010-3370-7750,a@a.com
yhjj949,a7664127,yhjj949,010-3370-7750,a@a.com
yhjj950,a7664127,yhjj950,010-3370-7750,a@a.com
yhjj951,a7664127,yhjj951,010-3370-7750,a@a.com
yhjj952,a7664127,yhjj952,010-3370-7750,a@a.com
yhjj953,a7664127,yhjj953,010-3370-7750,a@a.com
yhjj954,a7664127,yhjj954,010-3370-7750,a@a.com
yhjj955,a7664127,yhjj955,010-3370-7750,a@a.com
yhjj956,a7664127,yhjj956,010-3370-7750,a@a.com
yhjj957,a7664127,yhjj957,010-3370-7750,a@a.com
yhjj958,a7664127,yhjj958,010-3370-7750,a@a.com
yhjj959,a7664127,yhjj959,010-3370-7750,a@a.com
yhjj960,a7664127,yhjj960,010-3370-7750,a@a.com
yhjj961,a7664127,yhjj961,010-3370-7750,a@a.com
yhjj962,a7664127,yhjj962,010-3370-7750,a@a.com
yhjj963,a7664127,yhjj963,010-3370-7750,a@a.com
yhjj964,a7664127,yhjj964,010-3370-7750,a@a.com
yhjj965,a7664127,yhjj965,010-3370-7750,a@a.com
yhjj966,a7664127,yhjj966,010-3370-7750,a@a.com
yhjj967,a7664127,yhjj967,010-3370-7750,a@a.com
yhjj968,a7664127,yhjj968,010-3370-7750,a@a.com
yhjj969,a7664127,yhjj969,010-3370-7750,a@a.com
yhjj970,a7664127,yhjj970,010-3370-7750,a@a.com
yhjj971,a7664127,yhjj971,010-3370-7750,a@a.com
yhjj972,a7664127,yhjj972,010-3370-7750,a@a.com
yhjj973,a7664127,yhjj973,010-3370-7750,a@a.com
yhjj974,a7664127,yhjj974,010-3370-7750,a@a.com
yhjj975,a7664127,yhjj975,010-3370-7750,a@a.com
yhjj976,a7664127,yhjj976,010-3370-7750,a@a.com
yhjj977,a7664127,yhjj977,010-3370-7750,a@a.com
yhjj978,a7664127,yhjj978,010-3370-7750,a@a.com
yhjj979,a7664127,yhjj979,010-3370-7750,a@a.com
yhjj980,a7664127,yhjj980,010-3370-7750,a@a.com
yhjj981,a7664127,yhjj981,010-3370-7750,a@a.com
yhjj982,a7664127,yhjj982,010-3370-7750,a@a.com
yhjj983,a7664127,yhjj983,010-3370-7750,a@a.com
yhjj984,a7664127,yhjj984,010-3370-7750,a@a.com
yhjj985,a7664127,yhjj985,010-3370-7750,a@a.com
yhjj986,a7664127,yhjj986,010-3370-7750,a@a.com
yhjj987,a7664127,yhjj987,010-3370-7750,a@a.com
yhjj988,a7664127,yhjj988,010-3370-7750,a@a.com
yhjj989,a7664127,yhjj989,010-3370-7750,a@a.com
yhjj990,a7664127,yhjj990,010-3370-7750,a@a.com
yhjj991,a7664127,yhjj991,010-3370-7750,a@a.com
yhjj992,a7664127,yhjj992,010-3370-7750,a@a.com
yhjj993,a7664127,yhjj993,010-3370-7750,a@a.com
yhjj994,a7664127,yhjj994,010-3370-7750,a@a.com
yhjj995,a7664127,yhjj995,010-3370-7750,a@a.com
yhjj996,a7664127,yhjj996,010-3370-7750,a@a.com
yhjj997,a7664127,yhjj997,010-3370-7750,a@a.com
yhjj998,a7664127,yhjj998,010-3370-7750,a@a.com
yhjj999,a7664127,yhjj999,010-3370-7750,a@a.com
yhjj1000,a7664127,yhjj1000,010-3370-7750,a@a.com
yhjj1001,a7664127,yhjj1001,010-3370-7750,a@a.com
yhjj1002,a7664127,yhjj1002,010-3370-7750,a@a.com
yhjj1003,a7664127,yhjj1003,010-3370-7750,a@a.com
yhjj1004,a7664127,yhjj1004,010-3370-7750,a@a.com
yhjj1005,a7664127,yhjj1005,010-3370-7750,a@a.com
yhjj1006,a7664127,yhjj1006,010-3370-7750,a@a.com
yhjj1007,a7664127,yhjj1007,010-3370-7750,a@a.com
yhjj1008,a7664127,yhjj1008,010-3370-7750,a@a.com
yhjj1009,a7664127,yhjj1009,010-3370-7750,a@a.com
yhjj1010,a7664127,yhjj1010,010-3370-7750,a@a.com
yhjj1011,a7664127,yhjj1011,010-3370-7750,a@a.com
yhjj1012,a7664127,yhjj1012,010-3370-7750,a@a.com
yhjj1013,a7664127,yhjj1013,010-3370-7750,a@a.com
yhjj1014,a7664127,yhjj1014,010-3370-7750,a@a.com
yhjj1015,a7664127,yhjj1015,010-3370-7750,a@a.com
yhjj1016,a7664127,yhjj1016,010-3370-7750,a@a.com
yhjj1017,a7664127,yhjj1017,010-3370-7750,a@a.com
yhjj1018,a7664127,yhjj1018,010-3370-7750,a@a.com
