roomNumber,bin,user_id,prev_people,curr_people,expected_people,max_people,prev_entry_time,curr_entry_time,true_critical_section_nanoTime_start,true_critical_section_epochNano_start,true_critical_section_nanoTime_end,true_critical_section_epochNano_end,anomaly_type,room_entry_sequence,lost_update_expected,lost_update_actual,lost_update_diff,contention_group_size,contention_user_ids,expected_curr_by_sequence,actual_curr_people,curr_sequence_diff,sorted_sequence_position,true_critical_section_start,true_critical_section_end,true_critical_section_duration,intervening_users_in_critical_section,intervening_user_count_critical,true_critical_section_duration_nanos,true_critical_section_epoch_duration_nanos
1051,1,yhjj967,1,2,2.0,100,2025-07-03 10:33:46.324493200+00:00,2025-07-03 10:33:46.324493200+00:00,23997900000000.0,1.75154e+18,23997900000000.0,1.75e+18,경합 발생 자체,1,,,,3,"yhjj862, yhjj967, yhjj919",,,,,2025-07-03 10:33:46.324493200+00:00,2025-07-03 10:33:46.324493200+00:00,0.0,yhjj862,1,0.0,-1540000000000000.0
1051,1,yhjj862,2,3,3.0,100,2025-07-03 10:33:46.324493200+00:00,2025-07-03 10:33:46.325492+00:00,23997900000000.0,1.75154e+18,23997900000000.0,1.75e+18,경합 발생 자체,2,,,,2,"yhjj919, yhjj862",,,,,2025-07-03 10:33:46.324493200+00:00,2025-07-03 10:33:46.325492+00:00,0.000998,"yhjj967, yhjj919",2,0.0,-1540000000000000.0
1051,1,yhjj919,3,4,4.0,100,2025-07-03 10:33:46.325492+00:00,2025-07-03 10:33:46.325492+00:00,23997900000000.0,1.75154e+18,23997900000000.0,1.75e+18,경합 발생 자체,3,,,,2,"yhjj919, yhjj862",,,,,2025-07-03 10:33:46.325492+00:00,2025-07-03 10:33:46.325492+00:00,0.0,yhjj862,1,0.0,-1540000000000000.0
1051,1,yhjj989,5,6,6.0,100,2025-07-03 10:33:46.372135300+00:00,2025-07-03 10:33:46.373133+00:00,23997900000000.0,1.75154e+18,23997900000000.0,1.75e+18,경합 발생 자체,5,,,,5,"yhjj1002, yhjj989, yhjj1003, yhjj977, yhjj830",,,,,2025-07-03 10:33:46.372135300+00:00,2025-07-03 10:33:46.373133+00:00,0.000997,"yhjj1003, yhjj977, yhjj830, yhjj1002",4,0.0,-1540000000000000.0
1051,1,yhjj1003,6,7,7.0,100,2025-07-03 10:33:46.373133+00:00,2025-07-03 10:33:46.373133+00:00,23997900000000.0,1.75154e+18,23997900000000.0,1.75e+18,경합 발생 자체,6,,,,5,"yhjj1002, yhjj989, yhjj1003, yhjj977, yhjj830",,,,,2025-07-03 10:33:46.373133+00:00,2025-07-03 10:33:46.373133+00:00,0.0,"yhjj989, yhjj977, yhjj830, yhjj1002",4,0.0,-1540000000000000.0
1051,1,yhjj977,6,8,7.0,100,2025-07-03 10:33:46.373133+00:00,2025-07-03 10:33:46.373133+00:00,23997900000000.0,1.75154e+18,23997900000000.0,1.75e+18,"값 불일치, 경합 발생 자체",7,7.0,8.0,1.0,5,"yhjj1002, yhjj989, yhjj1003, yhjj977, yhjj830",,,,,2025-07-03 10:33:46.373133+00:00,2025-07-03 10:33:46.373133+00:00,0.0,"yhjj989, yhjj1003, yhjj830, yhjj1002",4,0.0,-1540000000000000.0
1051,1,yhjj830,8,9,9.0,100,2025-07-03 10:33:46.373133+00:00,2025-07-03 10:33:46.373133+00:00,23997900000000.0,1.75154e+18,23997900000000.0,1.75e+18,경합 발생 자체,8,,,,5,"yhjj1002, yhjj989, yhjj1003, yhjj977, yhjj830",,,,,2025-07-03 10:33:46.373133+00:00,2025-07-03 10:33:46.373133+00:00,0.0,"yhjj989, yhjj1003, yhjj977, yhjj1002",4,0.0,-1540000000000000.0
1051,1,yhjj1002,8,10,9.0,100,2025-07-03 10:33:46.373133+00:00,2025-07-03 10:33:46.373133+00:00,23997900000000.0,1.75154e+18,23997900000000.0,1.75e+18,"값 불일치, 경합 발생 자체",9,9.0,10.0,1.0,5,"yhjj1002, yhjj989, yhjj1003, yhjj977, yhjj830",,,,,2025-07-03 10:33:46.373133+00:00,2025-07-03 10:33:46.373133+00:00,0.0,"yhjj989, yhjj1003, yhjj977, yhjj830",4,0.0,-1540000000000000.0
1051,1,yhjj855,10,13,11.0,100,2025-07-03 10:33:46.374135600+00:00,2025-07-03 10:33:46.384604900+00:00,23997900000000.0,1.75154e+18,23997900000000.0,1.75e+18,"값 불일치, 경합 발생 자체, 상태 전이 오류",10,11.0,13.0,2.0,2,"yhjj1001, yhjj855",14.0,13.0,-1.0,13.0,2025-07-03 10:33:46.374135600+00:00,2025-07-03 10:33:46.384604900+00:00,0.010469,"yhjj850, yhjj846, yhjj1001",3,0.0,-1540000000000000.0
1051,1,yhjj850,10,11,11.0,100,2025-07-03 10:33:46.374135600+00:00,2025-07-03 10:33:46.375737600+00:00,23997900000000.0,1.75154e+18,23997900000000.0,1.75e+18,경합 발생 자체,11,,,,3,"yhjj846, yhjj855, yhjj850",,,,,2025-07-03 10:33:46.374135600+00:00,2025-07-03 10:33:46.375737600+00:00,0.001602,"yhjj855, yhjj846",2,0.0,-1540000000000000.0
1051,1,yhjj846,11,12,12.0,100,2025-07-03 10:33:46.375134900+00:00,2025-07-03 10:33:46.375737600+00:00,23997900000000.0,1.75154e+18,23997900000000.0,1.75e+18,경합 발생 자체,12,,,,3,"yhjj846, yhjj855, yhjj850",,,,,2025-07-03 10:33:46.375134900+00:00,2025-07-03 10:33:46.375737600+00:00,0.000602,"yhjj855, yhjj850",2,0.0,-1540000000000000.0
1051,1,yhjj1001,13,14,14.0,100,2025-07-03 10:33:46.380590700+00:00,2025-07-03 10:33:46.380590700+00:00,23997900000000.0,1.75154e+18,23997900000000.0,1.75e+18,"경합 발생 자체, 상태 전이 오류",13,,,,2,"yhjj1001, yhjj855",13.0,14.0,1.0,12.0,2025-07-03 10:33:46.380590700+00:00,2025-07-03 10:33:46.380590700+00:00,0.0,yhjj855,1,0.0,-1540000000000000.0
1051,1,yhjj914,15,16,16.0,100,2025-07-03 10:33:46.397632400+00:00,2025-07-03 10:33:46.397632400+00:00,23997900000000.0,1.75154e+18,23997900000000.0,1.75e+18,경합 발생 자체,15,,,,20,"yhjj927, yhjj914, yhjj848, yhjj961, yhjj836, yhjj950, yhjj929, yhjj851, yhjj901, yhjj847, yhjj819, yhjj900, yhjj829, yhjj948, yhjj962, yhjj956, yhjj878, yhjj866, yhjj881, yhjj1011",,,,,2025-07-03 10:33:46.397632400+00:00,2025-07-03 10:33:46.397632400+00:00,0.0,"yhjj848, yhjj961, yhjj836, yhjj950, yhjj929, yhjj927",6,0.0,-1540000000000000.0
1051,1,yhjj848,16,24,17.0,100,2025-07-03 10:33:46.397632400+00:00,2025-07-03 10:33:46.400632600+00:00,23997900000000.0,1.75154e+18,23998000000000.0,1.75e+18,"값 불일치, 경합 발생 자체, 상태 전이 오류",16,17.0,24.0,7.0,22,"yhjj1011, yhjj848, yhjj961, yhjj836, yhjj929, yhjj927, yhjj901, yhjj847, yhjj819, yhjj829, yhjj948, yhjj962, yhjj956, yhjj878, yhjj866, yhjj881, yhjj921, yhjj986, yhjj832, yhjj874, yhjj966, yhjj1009",22.0,24.0,2.0,21.0,2025-07-03 10:33:46.397632400+00:00,2025-07-03 10:33:46.400632600+00:00,0.003,"yhjj914, yhjj961, yhjj836, yhjj950, yhjj929, yhjj927, yhjj851, yhjj901, yhjj847, yhjj819, yhjj900, yhjj829, yhjj948, yhjj962, yhjj956, yhjj878, yhjj866, yhjj881, yhjj1011",19,100000000.0,-1540000000000000.0
1051,1,yhjj961,16,17,17.0,100,2025-07-03 10:33:46.397632400+00:00,2025-07-03 10:33:46.400632600+00:00,23997900000000.0,1.75154e+18,23998000000000.0,1.75e+18,"경합 발생 자체, 상태 전이 오류",17,,,,22,"yhjj1011, yhjj848, yhjj961, yhjj836, yhjj929, yhjj927, yhjj901, yhjj847, yhjj819, yhjj829, yhjj948, yhjj962, yhjj956, yhjj878, yhjj866, yhjj881, yhjj921, yhjj986, yhjj832, yhjj874, yhjj966, yhjj1009",24.0,17.0,-7.0,23.0,2025-07-03 10:33:46.397632400+00:00,2025-07-03 10:33:46.400632600+00:00,0.003,"yhjj914, yhjj848, yhjj836, yhjj950, yhjj929, yhjj927, yhjj851, yhjj901, yhjj847, yhjj819, yhjj900, yhjj829, yhjj948, yhjj962, yhjj956, yhjj878, yhjj866, yhjj881, yhjj1011",19,100000000.0,-1540000000000000.0
1051,1,yhjj836,17,26,18.0,100,2025-07-03 10:33:46.397632400+00:00,2025-07-03 10:33:46.400632600+00:00,23997900000000.0,1.75154e+18,23998000000000.0,1.75e+18,"값 불일치, 경합 발생 자체, 상태 전이 오류",18,18.0,26.0,8.0,22,"yhjj1011, yhjj848, yhjj961, yhjj836, yhjj929, yhjj927, yhjj901, yhjj847, yhjj819, yhjj829, yhjj948, yhjj962, yhjj956, yhjj878, yhjj866, yhjj881, yhjj921, yhjj986, yhjj832, yhjj874, yhjj966, yhjj1009",23.0,26.0,3.0,22.0,2025-07-03 10:33:46.397632400+00:00,2025-07-03 10:33:46.400632600+00:00,0.003,"yhjj914, yhjj848, yhjj961, yhjj950, yhjj929, yhjj927, yhjj851, yhjj901, yhjj847, yhjj819, yhjj900, yhjj829, yhjj948, yhjj962, yhjj956, yhjj878, yhjj866, yhjj881, yhjj1011",19,100000000.0,-1540000000000000.0
1051,1,yhjj950,17,18,18.0,100,2025-07-03 10:33:46.397632400+00:00,2025-07-03 10:33:46.398633200+00:00,23997900000000.0,1.75154e+18,23997900000000.0,1.75e+18,"경합 발생 자체, 상태 전이 오류",19,,,,25,"yhjj819, yhjj848, yhjj961, yhjj836, yhjj950, yhjj929, yhjj927, yhjj851, yhjj901, yhjj847, yhjj900, yhjj829, yhjj948, yhjj962, yhjj956, yhjj878, yhjj866, yhjj881, yhjj1011, yhjj921, yhjj986, yhjj832, yhjj874, yhjj966, yhjj1009",17.0,18.0,1.0,16.0,2025-07-03 10:33:46.397632400+00:00,2025-07-03 10:33:46.398633200+00:00,0.001,"yhjj914, yhjj848, yhjj961, yhjj836, yhjj929, yhjj927, yhjj851, yhjj901, yhjj847, yhjj819",10,0.0,-1540000000000000.0
1051,1,yhjj929,21,22,22.0,100,2025-07-03 10:33:46.397632400+00:00,2025-07-03 10:33:46.400632600+00:00,23997900000000.0,1.75154e+18,23998000000000.0,1.75e+18,"경합 발생 자체, 상태 전이 오류",20,,,,22,"yhjj1011, yhjj848, yhjj961, yhjj836, yhjj929, yhjj927, yhjj901, yhjj847, yhjj819, yhjj829, yhjj948, yhjj962, yhjj956, yhjj878, yhjj866, yhjj881, yhjj921, yhjj986, yhjj832, yhjj874, yhjj966, yhjj1009",25.0,22.0,-3.0,24.0,2025-07-03 10:33:46.397632400+00:00,2025-07-03 10:33:46.400632600+00:00,0.003,"yhjj914, yhjj848, yhjj961, yhjj836, yhjj950, yhjj927, yhjj851, yhjj901, yhjj847, yhjj819, yhjj900, yhjj829, yhjj948, yhjj962, yhjj956, yhjj878, yhjj866, yhjj881, yhjj1011",19,100000000.0,-1540000000000000.0
1051,1,yhjj927,22,23,23.0,100,2025-07-03 10:33:46.397632400+00:00,2025-07-03 10:33:46.400632600+00:00,23997900000000.0,1.75154e+18,23998000000000.0,1.75e+18,"경합 발생 자체, 상태 전이 오류",21,,,,22,"yhjj1011, yhjj848, yhjj961, yhjj836, yhjj929, yhjj927, yhjj901, yhjj847, yhjj819, yhjj829, yhjj948, yhjj962, yhjj956, yhjj878, yhjj866, yhjj881, yhjj921, yhjj986, yhjj832, yhjj874, yhjj966, yhjj1009",21.0,23.0,2.0,20.0,2025-07-03 10:33:46.397632400+00:00,2025-07-03 10:33:46.400632600+00:00,0.003,"yhjj914, yhjj848, yhjj961, yhjj836, yhjj950, yhjj929, yhjj851, yhjj901, yhjj847, yhjj819, yhjj900, yhjj829, yhjj948, yhjj962, yhjj956, yhjj878, yhjj866, yhjj881, yhjj1011",19,100000000.0,-1540000000000000.0
1051,1,yhjj851,18,19,19.0,100,2025-07-03 10:33:46.398633200+00:00,2025-07-03 10:33:46.399633+00:00,23998000000000.0,1.75154e+18,23998000000000.0,1.75e+18,경합 발생 자체,22,,,,24,"yhjj948, yhjj848, yhjj961, yhjj836, yhjj929, yhjj927, yhjj851, yhjj901, yhjj847, yhjj819, yhjj900, yhjj829, yhjj962, yhjj956, yhjj878, yhjj866, yhjj881, yhjj1011, yhjj921, yhjj986, yhjj832, yhjj874, yhjj966, yhjj1009",,,,,2025-07-03 10:33:46.398633200+00:00,2025-07-03 10:33:46.399633+00:00,0.000999,"yhjj848, yhjj961, yhjj836, yhjj950, yhjj929, yhjj927, yhjj901, yhjj847, yhjj819, yhjj900, yhjj829, yhjj948",12,0.0,-1540000000000000.0
1051,1,yhjj901,18,20,19.0,100,2025-07-03 10:33:46.398633200+00:00,2025-07-03 10:33:46.406670400+00:00,23998000000000.0,1.75154e+18,23998000000000.0,1.75e+18,"값 불일치, 경합 발생 자체, 상태 전이 오류",23,19.0,20.0,1.0,11,"yhjj1009, yhjj901, yhjj819, yhjj829, yhjj948, yhjj956, yhjj866, yhjj881, yhjj1011, yhjj874, yhjj966",35.0,20.0,-15.0,34.0,2025-07-03 10:33:46.398633200+00:00,2025-07-03 10:33:46.406670400+00:00,0.008037,"yhjj848, yhjj961, yhjj836, yhjj950, yhjj929, yhjj927, yhjj851, yhjj847, yhjj819, yhjj900, yhjj829, yhjj948, yhjj962, yhjj956, yhjj878, yhjj866, yhjj881, yhjj1011, yhjj921, yhjj986, yhjj832, yhjj874, yhjj966, yhjj1009",24,0.0,-1540000000000000.0
1051,1,yhjj847,18,29,19.0,100,2025-07-03 10:33:46.398633200+00:00,2025-07-03 10:33:46.403861+00:00,23997900000000.0,1.75154e+18,23998000000000.0,1.75e+18,"값 불일치, 경합 발생 자체, 상태 전이 오류",24,19.0,29.0,10.0,12,"yhjj832, yhjj901, yhjj847, yhjj819, yhjj829, yhjj948, yhjj956, yhjj866, yhjj881, yhjj1011, yhjj921, yhjj986",27.0,29.0,2.0,26.0,2025-07-03 10:33:46.398633200+00:00,2025-07-03 10:33:46.403861+00:00,0.005227,"yhjj848, yhjj961, yhjj836, yhjj950, yhjj929, yhjj927, yhjj851, yhjj901, yhjj819, yhjj900, yhjj829, yhjj948, yhjj962, yhjj956, yhjj878, yhjj866, yhjj881, yhjj1011, yhjj921, yhjj986, yhjj832",21,100000000.0,-1540000000000000.0
1051,1,yhjj819,31,33,32.0,100,2025-07-03 10:33:46.398633200+00:00,2025-07-03 10:33:46.406670400+00:00,23997900000000.0,1.75154e+18,23998000000000.0,1.75e+18,"값 불일치, 경합 발생 자체",25,32.0,33.0,1.0,11,"yhjj1009, yhjj901, yhjj819, yhjj829, yhjj948, yhjj956, yhjj866, yhjj881, yhjj1011, yhjj874, yhjj966",,,,,2025-07-03 10:33:46.398633200+00:00,2025-07-03 10:33:46.406670400+00:00,0.008037,"yhjj848, yhjj961, yhjj836, yhjj950, yhjj929, yhjj927, yhjj851, yhjj901, yhjj847, yhjj900, yhjj829, yhjj948, yhjj962, yhjj956, yhjj878, yhjj866, yhjj881, yhjj1011, yhjj921, yhjj986, yhjj832, yhjj874, yhjj966, yhjj1009",24,100000000.0,-1540000000000000.0
1051,1,yhjj900,20,21,21.0,100,2025-07-03 10:33:46.399633+00:00,2025-07-03 10:33:46.399633+00:00,23998000000000.0,1.75154e+18,23998000000000.0,1.75e+18,"경합 발생 자체, 상태 전이 오류",26,,,,24,"yhjj948, yhjj848, yhjj961, yhjj836, yhjj929, yhjj927, yhjj851, yhjj901, yhjj847, yhjj819, yhjj900, yhjj829, yhjj962, yhjj956, yhjj878, yhjj866, yhjj881, yhjj1011, yhjj921, yhjj986, yhjj832, yhjj874, yhjj966, yhjj1009",18.0,21.0,3.0,17.0,2025-07-03 10:33:46.399633+00:00,2025-07-03 10:33:46.399633+00:00,0.0,"yhjj848, yhjj961, yhjj836, yhjj929, yhjj927, yhjj851, yhjj901, yhjj847, yhjj819, yhjj829, yhjj948",11,0.0,-1540000000000000.0
1051,1,yhjj829,20,34,21.0,100,2025-07-03 10:33:46.399633+00:00,2025-07-03 10:33:46.406670400+00:00,23998000000000.0,1.75154e+18,23998000000000.0,1.75e+18,"값 불일치, 경합 발생 자체",27,21.0,34.0,13.0,11,"yhjj1009, yhjj901, yhjj819, yhjj829, yhjj948, yhjj956, yhjj866, yhjj881, yhjj1011, yhjj874, yhjj966",,,,,2025-07-03 10:33:46.399633+00:00,2025-07-03 10:33:46.406670400+00:00,0.007037,"yhjj848, yhjj961, yhjj836, yhjj929, yhjj927, yhjj851, yhjj901, yhjj847, yhjj819, yhjj900, yhjj948, yhjj962, yhjj956, yhjj878, yhjj866, yhjj881, yhjj1011, yhjj921, yhjj986, yhjj832, yhjj874, yhjj966, yhjj1009",23,0.0,-1540000000000000.0
1051,1,yhjj948,35,36,36.0,100,2025-07-03 10:33:46.399633+00:00,2025-07-03 10:33:46.421571800+00:00,23998000000000.0,1.75154e+18,23998000000000.0,1.75e+18,경합 발생 자체,28,,,,11,"yhjj1009, yhjj901, yhjj819, yhjj829, yhjj948, yhjj956, yhjj866, yhjj881, yhjj1011, yhjj874, yhjj966",,,,,2025-07-03 10:33:46.399633+00:00,2025-07-03 10:33:46.421571800+00:00,0.021938,"yhjj848, yhjj961, yhjj836, yhjj929, yhjj927, yhjj851, yhjj901, yhjj847, yhjj819, yhjj900, yhjj829, yhjj962, yhjj956, yhjj878, yhjj866, yhjj881, yhjj1011, yhjj921, yhjj986, yhjj832, yhjj874, yhjj966, yhjj1009",23,0.0,-1540000000000000.0
1051,1,yhjj962,24,25,25.0,100,2025-07-03 10:33:46.400632600+00:00,2025-07-03 10:33:46.400632600+00:00,23998000000000.0,1.75154e+18,23998000000000.0,1.75e+18,"경합 발생 자체, 상태 전이 오류",29,,,,22,"yhjj1011, yhjj848, yhjj961, yhjj836, yhjj929, yhjj927, yhjj901, yhjj847, yhjj819, yhjj829, yhjj948, yhjj962, yhjj956, yhjj878, yhjj866, yhjj881, yhjj921, yhjj986, yhjj832, yhjj874, yhjj966, yhjj1009",20.0,25.0,5.0,19.0,2025-07-03 10:33:46.400632600+00:00,2025-07-03 10:33:46.400632600+00:00,0.0,"yhjj848, yhjj961, yhjj836, yhjj929, yhjj927, yhjj901, yhjj847, yhjj819, yhjj829, yhjj948, yhjj956, yhjj878, yhjj866, yhjj881, yhjj1011",15,0.0,-1540000000000000.0
1051,1,yhjj956,25,39,26.0,100,2025-07-03 10:33:46.400632600+00:00,2025-07-03 10:33:46.430765600+00:00,23998000000000.0,1.75154e+18,23998000000000.0,1.75e+18,"값 불일치, 경합 발생 자체, 상태 전이 오류",30,26.0,39.0,13.0,11,"yhjj1009, yhjj901, yhjj819, yhjj829, yhjj948, yhjj956, yhjj866, yhjj881, yhjj1011, yhjj874, yhjj966",40.0,39.0,-1.0,39.0,2025-07-03 10:33:46.400632600+00:00,2025-07-03 10:33:46.430765600+00:00,0.030133,"yhjj848, yhjj961, yhjj836, yhjj929, yhjj927, yhjj901, yhjj847, yhjj819, yhjj829, yhjj948, yhjj962, yhjj878, yhjj866, yhjj881, yhjj1011, yhjj921, yhjj986, yhjj832, yhjj874, yhjj966, yhjj1009",21,0.0,-1540000000000000.0
1051,1,yhjj878,26,27,27.0,100,2025-07-03 10:33:46.400632600+00:00,2025-07-03 10:33:46.400632600+00:00,23998000000000.0,1.75154e+18,23998000000000.0,1.75e+18,"경합 발생 자체, 상태 전이 오류",31,,,,22,"yhjj1011, yhjj848, yhjj961, yhjj836, yhjj929, yhjj927, yhjj901, yhjj847, yhjj819, yhjj829, yhjj948, yhjj962, yhjj956, yhjj878, yhjj866, yhjj881, yhjj921, yhjj986, yhjj832, yhjj874, yhjj966, yhjj1009",26.0,27.0,1.0,25.0,2025-07-03 10:33:46.400632600+00:00,2025-07-03 10:33:46.400632600+00:00,0.0,"yhjj848, yhjj961, yhjj836, yhjj929, yhjj927, yhjj901, yhjj847, yhjj819, yhjj829, yhjj948, yhjj962, yhjj956, yhjj866, yhjj881, yhjj1011",15,0.0,-1540000000000000.0
1051,1,yhjj866,21,37,22.0,100,2025-07-03 10:33:46.400632600+00:00,2025-07-03 10:33:46.427762700+00:00,23998000000000.0,1.75154e+18,23998000000000.0,1.75e+18,"값 불일치, 경합 발생 자체, 상태 전이 오류",32,22.0,37.0,15.0,11,"yhjj1009, yhjj901, yhjj819, yhjj829, yhjj948, yhjj956, yhjj866, yhjj881, yhjj1011, yhjj874, yhjj966",38.0,37.0,-1.0,37.0,2025-07-03 10:33:46.400632600+00:00,2025-07-03 10:33:46.427762700+00:00,0.02713,"yhjj848, yhjj961, yhjj836, yhjj929, yhjj927, yhjj901, yhjj847, yhjj819, yhjj829, yhjj948, yhjj962, yhjj956, yhjj878, yhjj881, yhjj1011, yhjj921, yhjj986, yhjj832, yhjj874, yhjj966, yhjj1009",21,0.0,-1540000000000000.0
1051,1,yhjj881,37,38,38.0,100,2025-07-03 10:33:46.400632600+00:00,2025-07-03 10:33:46.427762700+00:00,23998000000000.0,1.75154e+18,23998000000000.0,1.75e+18,"경합 발생 자체, 상태 전이 오류",33,,,,11,"yhjj1009, yhjj901, yhjj819, yhjj829, yhjj948, yhjj956, yhjj866, yhjj881, yhjj1011, yhjj874, yhjj966",37.0,38.0,1.0,36.0,2025-07-03 10:33:46.400632600+00:00,2025-07-03 10:33:46.427762700+00:00,0.02713,"yhjj848, yhjj961, yhjj836, yhjj929, yhjj927, yhjj901, yhjj847, yhjj819, yhjj829, yhjj948, yhjj962, yhjj956, yhjj878, yhjj866, yhjj1011, yhjj921, yhjj986, yhjj832, yhjj874, yhjj966, yhjj1009",21,0.0,-1540000000000000.0
1051,1,yhjj1011,35,41,36.0,100,2025-07-03 10:33:46.400632600+00:00,2025-07-03 10:33:46.431292200+00:00,23998000000000.0,1.75154e+18,23998000000000.0,1.75e+18,"값 불일치, 경합 발생 자체",34,36.0,41.0,5.0,11,"yhjj1009, yhjj901, yhjj819, yhjj829, yhjj948, yhjj956, yhjj866, yhjj881, yhjj1011, yhjj874, yhjj966",,,,,2025-07-03 10:33:46.400632600+00:00,2025-07-03 10:33:46.431292200+00:00,0.030659,"yhjj848, yhjj961, yhjj836, yhjj929, yhjj927, yhjj901, yhjj847, yhjj819, yhjj829, yhjj948, yhjj962, yhjj956, yhjj878, yhjj866, yhjj881, yhjj921, yhjj986, yhjj832, yhjj874, yhjj966, yhjj1009",21,0.0,-1540000000000000.0
1051,1,yhjj921,27,28,28.0,100,2025-07-03 10:33:46.403861+00:00,2025-07-03 10:33:46.403861+00:00,23998000000000.0,1.75154e+18,23998000000000.0,1.75e+18,"경합 발생 자체, 상태 전이 오류",35,,,,12,"yhjj832, yhjj901, yhjj847, yhjj819, yhjj829, yhjj948, yhjj956, yhjj866, yhjj881, yhjj1011, yhjj921, yhjj986",30.0,28.0,-2.0,29.0,2025-07-03 10:33:46.403861+00:00,2025-07-03 10:33:46.403861+00:00,0.0,"yhjj901, yhjj847, yhjj819, yhjj829, yhjj948, yhjj956, yhjj866, yhjj881, yhjj1011, yhjj986, yhjj832",11,0.0,-1540000000000000.0
1051,1,yhjj986,28,30,29.0,100,2025-07-03 10:33:46.403861+00:00,2025-07-03 10:33:46.403861+00:00,23998000000000.0,1.75154e+18,23998000000000.0,1.75e+18,"값 불일치, 경합 발생 자체, 상태 전이 오류",36,29.0,30.0,1.0,12,"yhjj832, yhjj901, yhjj847, yhjj819, yhjj829, yhjj948, yhjj956, yhjj866, yhjj881, yhjj1011, yhjj921, yhjj986",29.0,30.0,1.0,28.0,2025-07-03 10:33:46.403861+00:00,2025-07-03 10:33:46.403861+00:00,0.0,"yhjj901, yhjj847, yhjj819, yhjj829, yhjj948, yhjj956, yhjj866, yhjj881, yhjj1011, yhjj921, yhjj832",11,0.0,-1540000000000000.0
1051,1,yhjj832,30,31,31.0,100,2025-07-03 10:33:46.403861+00:00,2025-07-03 10:33:46.403861+00:00,23998000000000.0,1.75154e+18,23998000000000.0,1.75e+18,"경합 발생 자체, 상태 전이 오류",37,,,,12,"yhjj832, yhjj901, yhjj847, yhjj819, yhjj829, yhjj948, yhjj956, yhjj866, yhjj881, yhjj1011, yhjj921, yhjj986",28.0,31.0,3.0,27.0,2025-07-03 10:33:46.403861+00:00,2025-07-03 10:33:46.403861+00:00,0.0,"yhjj901, yhjj847, yhjj819, yhjj829, yhjj948, yhjj956, yhjj866, yhjj881, yhjj1011, yhjj921, yhjj986",11,0.0,-1540000000000000.0
1051,1,yhjj874,31,32,32.0,100,2025-07-03 10:33:46.406670400+00:00,2025-07-03 10:33:46.406670400+00:00,23998000000000.0,1.75154e+18,23998000000000.0,1.75e+18,경합 발생 자체,38,,,,11,"yhjj1009, yhjj901, yhjj819, yhjj829, yhjj948, yhjj956, yhjj866, yhjj881, yhjj1011, yhjj874, yhjj966",,,,,2025-07-03 10:33:46.406670400+00:00,2025-07-03 10:33:46.406670400+00:00,0.0,"yhjj901, yhjj819, yhjj829, yhjj948, yhjj956, yhjj866, yhjj881, yhjj1011, yhjj966, yhjj1009",10,0.0,-1540000000000000.0
1051,1,yhjj966,32,40,33.0,100,2025-07-03 10:33:46.406670400+00:00,2025-07-03 10:33:46.428764200+00:00,23998000000000.0,1.75154e+18,23998000000000.0,1.75e+18,"값 불일치, 경합 발생 자체, 상태 전이 오류",39,33.0,40.0,7.0,11,"yhjj1009, yhjj901, yhjj819, yhjj829, yhjj948, yhjj956, yhjj866, yhjj881, yhjj1011, yhjj874, yhjj966",39.0,40.0,1.0,38.0,2025-07-03 10:33:46.406670400+00:00,2025-07-03 10:33:46.428764200+00:00,0.022093,"yhjj901, yhjj819, yhjj829, yhjj948, yhjj956, yhjj866, yhjj881, yhjj1011, yhjj874, yhjj1009",10,0.0,-1540000000000000.0
1051,1,yhjj1009,34,35,35.0,100,2025-07-03 10:33:46.406670400+00:00,2025-07-03 10:33:46.406670400+00:00,23998000000000.0,1.75154e+18,23998000000000.0,1.75e+18,"경합 발생 자체, 상태 전이 오류",40,,,,11,"yhjj1009, yhjj901, yhjj819, yhjj829, yhjj948, yhjj956, yhjj866, yhjj881, yhjj1011, yhjj874, yhjj966",31.0,35.0,4.0,30.0,2025-07-03 10:33:46.406670400+00:00,2025-07-03 10:33:46.406670400+00:00,0.0,"yhjj901, yhjj819, yhjj829, yhjj948, yhjj956, yhjj866, yhjj881, yhjj1011, yhjj874, yhjj966",10,0.0,-1540000000000000.0
1051,2,yhjj946,41,42,42.0,100,2025-07-03 10:33:46.434701800+00:00,2025-07-03 10:33:46.434701800+00:00,23998000000000.0,1.75154e+18,23998000000000.0,1.75e+18,"경합 발생 자체, 상태 전이 오류",41,,,,4,"yhjj1014, yhjj946, yhjj912, yhjj988",44.0,42.0,-2.0,43.0,2025-07-03 10:33:46.434701800+00:00,2025-07-03 10:33:46.434701800+00:00,0.0,"yhjj912, yhjj988, yhjj1014",3,0.0,-1540000000000000.0
1051,2,yhjj912,42,46,43.0,100,2025-07-03 10:33:46.434701800+00:00,2025-07-03 10:33:46.436708100+00:00,23998000000000.0,1.75154e+18,23998000000000.0,1.75e+18,"값 불일치, 경합 발생 자체, 상태 전이 오류",42,43.0,46.0,3.0,5,"yhjj945, yhjj912, yhjj1000, yhjj963, yhjj895",49.0,46.0,-3.0,48.0,2025-07-03 10:33:46.434701800+00:00,2025-07-03 10:33:46.436708100+00:00,0.002006,"yhjj946, yhjj988, yhjj1014, yhjj1000, yhjj963, yhjj895, yhjj945",7,0.0,-1540000000000000.0
1051,2,yhjj988,42,43,43.0,100,2025-07-03 10:33:46.434701800+00:00,2025-07-03 10:33:46.434701800+00:00,23998000000000.0,1.75154e+18,23998000000000.0,1.75e+18,경합 발생 자체,43,,,,4,"yhjj1014, yhjj946, yhjj912, yhjj988",,,,,2025-07-03 10:33:46.434701800+00:00,2025-07-03 10:33:46.434701800+00:00,0.0,"yhjj946, yhjj912, yhjj1014",3,0.0,-1540000000000000.0
1051,2,yhjj1014,43,44,44.0,100,2025-07-03 10:33:46.434701800+00:00,2025-07-03 10:33:46.434701800+00:00,23998000000000.0,1.75154e+18,23998000000000.0,1.75e+18,"경합 발생 자체, 상태 전이 오류",44,,,,4,"yhjj1014, yhjj946, yhjj912, yhjj988",42.0,44.0,2.0,41.0,2025-07-03 10:33:46.434701800+00:00,2025-07-03 10:33:46.434701800+00:00,0.0,"yhjj946, yhjj912, yhjj988",3,0.0,-1540000000000000.0
1051,2,yhjj1000,44,45,45.0,100,2025-07-03 10:33:46.436708100+00:00,2025-07-03 10:33:46.436708100+00:00,23998000000000.0,1.75154e+18,23998000000000.0,1.75e+18,경합 발생 자체,45,,,,5,"yhjj945, yhjj912, yhjj1000, yhjj963, yhjj895",,,,,2025-07-03 10:33:46.436708100+00:00,2025-07-03 10:33:46.436708100+00:00,0.0,"yhjj912, yhjj963, yhjj895, yhjj945",4,0.0,-1540000000000000.0
1051,2,yhjj963,45,47,46.0,100,2025-07-03 10:33:46.436708100+00:00,2025-07-03 10:33:46.436708100+00:00,23998000000000.0,1.75154e+18,23998000000000.0,1.75e+18,"값 불일치, 경합 발생 자체, 상태 전이 오류",46,46.0,47.0,1.0,5,"yhjj945, yhjj912, yhjj1000, yhjj963, yhjj895",46.0,47.0,1.0,45.0,2025-07-03 10:33:46.436708100+00:00,2025-07-03 10:33:46.436708100+00:00,0.0,"yhjj912, yhjj1000, yhjj895, yhjj945",4,0.0,-1540000000000000.0
1051,2,yhjj895,44,48,45.0,100,2025-07-03 10:33:46.436708100+00:00,2025-07-03 10:33:46.436708100+00:00,23998000000000.0,1.75154e+18,23998000000000.0,1.75e+18,"값 불일치, 경합 발생 자체, 상태 전이 오류",47,45.0,48.0,3.0,5,"yhjj945, yhjj912, yhjj1000, yhjj963, yhjj895",47.0,48.0,1.0,46.0,2025-07-03 10:33:46.436708100+00:00,2025-07-03 10:33:46.436708100+00:00,0.0,"yhjj912, yhjj1000, yhjj963, yhjj945",4,0.0,-1540000000000000.0
1051,2,yhjj945,48,49,49.0,100,2025-07-03 10:33:46.436708100+00:00,2025-07-03 10:33:46.436708100+00:00,23998000000000.0,1.75154e+18,23998000000000.0,1.75e+18,"경합 발생 자체, 상태 전이 오류",48,,,,5,"yhjj945, yhjj912, yhjj1000, yhjj963, yhjj895",48.0,49.0,1.0,47.0,2025-07-03 10:33:46.436708100+00:00,2025-07-03 10:33:46.436708100+00:00,0.0,"yhjj912, yhjj1000, yhjj963, yhjj895",4,0.0,-1540000000000000.0
1051,2,yhjj820,49,50,50.0,100,2025-07-03 10:33:46.445577100+00:00,2025-07-03 10:33:46.445577100+00:00,23998000000000.0,1.75154e+18,23998000000000.0,1.75e+18,"경합 발생 자체, 상태 전이 오류",49,,,,4,"yhjj909, yhjj820, yhjj1006, yhjj905",53.0,50.0,-3.0,52.0,2025-07-03 10:33:46.445577100+00:00,2025-07-03 10:33:46.445577100+00:00,0.0,"yhjj1006, yhjj905, yhjj909",3,0.0,-1540000000000000.0
1051,2,yhjj1006,49,51,50.0,100,2025-07-03 10:33:46.445577100+00:00,2025-07-03 10:33:46.445577100+00:00,23998000000000.0,1.75154e+18,23998000000000.0,1.75e+18,"값 불일치, 경합 발생 자체, 상태 전이 오류",50,50.0,51.0,1.0,4,"yhjj909, yhjj820, yhjj1006, yhjj905",52.0,51.0,-1.0,51.0,2025-07-03 10:33:46.445577100+00:00,2025-07-03 10:33:46.445577100+00:00,0.0,"yhjj820, yhjj905, yhjj909",3,0.0,-1540000000000000.0
1051,2,yhjj905,51,52,52.0,100,2025-07-03 10:33:46.445577100+00:00,2025-07-03 10:33:46.445577100+00:00,23998000000000.0,1.75154e+18,23998000000000.0,1.75e+18,"경합 발생 자체, 상태 전이 오류",51,,,,4,"yhjj909, yhjj820, yhjj1006, yhjj905",51.0,52.0,1.0,50.0,2025-07-03 10:33:46.445577100+00:00,2025-07-03 10:33:46.445577100+00:00,0.0,"yhjj820, yhjj1006, yhjj909",3,0.0,-1540000000000000.0
1051,2,yhjj909,52,53,53.0,100,2025-07-03 10:33:46.445577100+00:00,2025-07-03 10:33:46.445577100+00:00,23998000000000.0,1.75154e+18,23998000000000.0,1.75e+18,"경합 발생 자체, 상태 전이 오류",52,,,,4,"yhjj909, yhjj820, yhjj1006, yhjj905",50.0,53.0,3.0,49.0,2025-07-03 10:33:46.445577100+00:00,2025-07-03 10:33:46.445577100+00:00,0.0,"yhjj820, yhjj1006, yhjj905",3,0.0,-1540000000000000.0
1051,2,yhjj864,53,54,54.0,100,2025-07-03 10:33:46.450576200+00:00,2025-07-03 10:33:46.450576200+00:00,23998000000000.0,1.75154e+18,23998000000000.0,1.75e+18,경합 발생 자체,53,,,,2,"yhjj983, yhjj864",,,,,2025-07-03 10:33:46.450576200+00:00,2025-07-03 10:33:46.450576200+00:00,0.0,yhjj983,1,0.0,-1540000000000000.0
1051,2,yhjj983,53,55,54.0,100,2025-07-03 10:33:46.450576200+00:00,2025-07-03 10:33:46.450576200+00:00,23998000000000.0,1.75154e+18,23998000000000.0,1.75e+18,"값 불일치, 경합 발생 자체",54,54.0,55.0,1.0,2,"yhjj983, yhjj864",,,,,2025-07-03 10:33:46.450576200+00:00,2025-07-03 10:33:46.450576200+00:00,0.0,yhjj864,1,0.0,-1540000000000000.0
1051,2,yhjj949,56,57,57.0,100,2025-07-03 10:33:46.457776200+00:00,2025-07-03 10:33:46.457776200+00:00,23998000000000.0,1.75154e+18,23998000000000.0,1.75e+18,경합 발생 자체,56,,,,2,"yhjj984, yhjj949",,,,,2025-07-03 10:33:46.457776200+00:00,2025-07-03 10:33:46.457776200+00:00,0.0,yhjj984,1,0.0,-1540000000000000.0
1051,2,yhjj984,57,58,58.0,100,2025-07-03 10:33:46.457776200+00:00,2025-07-03 10:33:46.457776200+00:00,23998000000000.0,1.75154e+18,23998000000000.0,1.75e+18,경합 발생 자체,57,,,,2,"yhjj984, yhjj949",,,,,2025-07-03 10:33:46.457776200+00:00,2025-07-03 10:33:46.457776200+00:00,0.0,yhjj949,1,0.0,-1540000000000000.0
1051,2,yhjj975,58,59,59.0,100,2025-07-03 10:33:46.461110900+00:00,2025-07-03 10:33:46.461110900+00:00,23998000000000.0,1.75154e+18,23998000000000.0,1.75e+18,경합 발생 자체,58,,,,2,"yhjj992, yhjj975",,,,,2025-07-03 10:33:46.461110900+00:00,2025-07-03 10:33:46.461110900+00:00,0.0,yhjj992,1,0.0,-1540000000000000.0
1051,2,yhjj992,59,60,60.0,100,2025-07-03 10:33:46.461110900+00:00,2025-07-03 10:33:46.461110900+00:00,23998000000000.0,1.75154e+18,23998000000000.0,1.75e+18,경합 발생 자체,59,,,,2,"yhjj992, yhjj975",,,,,2025-07-03 10:33:46.461110900+00:00,2025-07-03 10:33:46.461110900+00:00,0.0,yhjj975,1,0.0,-1540000000000000.0
1051,2,yhjj922,60,61,61.0,100,2025-07-03 10:33:46.466951800+00:00,2025-07-03 10:33:46.466951800+00:00,23998000000000.0,1.75154e+18,23998000000000.0,1.75e+18,경합 발생 자체,60,,,,3,"yhjj947, yhjj922, yhjj933",,,,,2025-07-03 10:33:46.466951800+00:00,2025-07-03 10:33:46.466951800+00:00,0.0,"yhjj933, yhjj947",2,0.0,-1540000000000000.0
1051,2,yhjj933,61,62,62.0,100,2025-07-03 10:33:46.466951800+00:00,2025-07-03 10:33:46.466951800+00:00,23998000000000.0,1.75154e+18,23998000000000.0,1.75e+18,경합 발생 자체,61,,,,3,"yhjj947, yhjj922, yhjj933",,,,,2025-07-03 10:33:46.466951800+00:00,2025-07-03 10:33:46.466951800+00:00,0.0,"yhjj922, yhjj947",2,0.0,-1540000000000000.0
1051,2,yhjj947,62,63,63.0,100,2025-07-03 10:33:46.466951800+00:00,2025-07-03 10:33:46.467952200+00:00,23998000000000.0,1.75154e+18,23998000000000.0,1.75e+18,경합 발생 자체,62,,,,3,"yhjj947, yhjj922, yhjj933",,,,,2025-07-03 10:33:46.466951800+00:00,2025-07-03 10:33:46.467952200+00:00,0.001,"yhjj922, yhjj933",2,0.0,-1540000000000000.0
1051,2,yhjj903,66,67,67.0,100,2025-07-03 10:33:46.477647600+00:00,2025-07-03 10:33:46.477647600+00:00,23998000000000.0,1.75154e+18,23998000000000.0,1.75e+18,경합 발생 자체,66,,,,3,"yhjj991, yhjj903, yhjj959",,,,,2025-07-03 10:33:46.477647600+00:00,2025-07-03 10:33:46.477647600+00:00,0.0,"yhjj959, yhjj991",2,0.0,-1540000000000000.0
1051,2,yhjj959,67,68,68.0,100,2025-07-03 10:33:46.477647600+00:00,2025-07-03 10:33:46.478649900+00:00,23998000000000.0,1.75154e+18,23998000000000.0,1.75e+18,경합 발생 자체,67,,,,3,"yhjj991, yhjj903, yhjj959",,,,,2025-07-03 10:33:46.477647600+00:00,2025-07-03 10:33:46.478649900+00:00,0.001002,"yhjj903, yhjj991",2,0.0,-1540000000000000.0
1051,2,yhjj991,67,69,68.0,100,2025-07-03 10:33:46.477647600+00:00,2025-07-03 10:33:46.478649900+00:00,23998000000000.0,1.75154e+18,23998000000000.0,1.75e+18,"값 불일치, 경합 발생 자체",68,68.0,69.0,1.0,3,"yhjj991, yhjj903, yhjj959",,,,,2025-07-03 10:33:46.477647600+00:00,2025-07-03 10:33:46.478649900+00:00,0.001002,"yhjj903, yhjj959",2,0.0,-1540000000000000.0
1051,2,yhjj833,70,71,71.0,100,2025-07-03 10:33:46.484599900+00:00,2025-07-03 10:33:46.484599900+00:00,23998000000000.0,1.75154e+18,23998000000000.0,1.75e+18,경합 발생 자체,70,,,,2,"yhjj951, yhjj833",,,,,2025-07-03 10:33:46.484599900+00:00,2025-07-03 10:33:46.484599900+00:00,0.0,yhjj951,1,0.0,-1540000000000000.0
1051,2,yhjj951,71,72,72.0,100,2025-07-03 10:33:46.484599900+00:00,2025-07-03 10:33:46.484599900+00:00,23998000000000.0,1.75154e+18,23998000000000.0,1.75e+18,경합 발생 자체,71,,,,2,"yhjj951, yhjj833",,,,,2025-07-03 10:33:46.484599900+00:00,2025-07-03 10:33:46.484599900+00:00,0.0,yhjj833,1,0.0,-1540000000000000.0
1051,2,yhjj968,73,74,74.0,100,2025-07-03 10:33:46.488596900+00:00,2025-07-03 10:33:46.488596900+00:00,23998000000000.0,1.75154e+18,23998000000000.0,1.75e+18,"경합 발생 자체, 상태 전이 오류",73,,,,3,"yhjj887, yhjj968, yhjj928",76.0,74.0,-2.0,75.0,2025-07-03 10:33:46.488596900+00:00,2025-07-03 10:33:46.488596900+00:00,0.0,"yhjj928, yhjj887",2,0.0,-1540000000000000.0
1051,2,yhjj928,74,75,75.0,100,2025-07-03 10:33:46.488596900+00:00,2025-07-03 10:33:46.488596900+00:00,23998000000000.0,1.75154e+18,23998000000000.0,1.75e+18,"경합 발생 자체, 상태 전이 오류",74,,,,3,"yhjj887, yhjj968, yhjj928",74.0,75.0,1.0,73.0,2025-07-03 10:33:46.488596900+00:00,2025-07-03 10:33:46.488596900+00:00,0.0,"yhjj968, yhjj887",2,0.0,-1540000000000000.0
1051,2,yhjj887,75,76,76.0,100,2025-07-03 10:33:46.488596900+00:00,2025-07-03 10:33:46.488596900+00:00,23998000000000.0,1.75154e+18,23998000000000.0,1.75e+18,"경합 발생 자체, 상태 전이 오류",75,,,,3,"yhjj887, yhjj968, yhjj928",75.0,76.0,1.0,74.0,2025-07-03 10:33:46.488596900+00:00,2025-07-03 10:33:46.488596900+00:00,0.0,"yhjj968, yhjj928",2,0.0,-1540000000000000.0
1051,2,yhjj994,76,77,77.0,100,2025-07-03 10:33:46.493065100+00:00,2025-07-03 10:33:46.493065100+00:00,23998000000000.0,1.75154e+18,23998000000000.0,1.75e+18,경합 발생 자체,76,,,,3,"yhjj942, yhjj994, yhjj826",,,,,2025-07-03 10:33:46.493065100+00:00,2025-07-03 10:33:46.493065100+00:00,0.0,"yhjj826, yhjj942",2,0.0,-1540000000000000.0
1051,2,yhjj826,76,78,77.0,100,2025-07-03 10:33:46.493065100+00:00,2025-07-03 10:33:46.493065100+00:00,23998000000000.0,1.75154e+18,23998000000000.0,1.75e+18,"값 불일치, 경합 발생 자체",77,77.0,78.0,1.0,3,"yhjj942, yhjj994, yhjj826",,,,,2025-07-03 10:33:46.493065100+00:00,2025-07-03 10:33:46.493065100+00:00,0.0,"yhjj994, yhjj942",2,0.0,-1540000000000000.0
1051,2,yhjj942,78,79,79.0,100,2025-07-03 10:33:46.493065100+00:00,2025-07-03 10:33:46.493065100+00:00,23998000000000.0,1.75154e+18,23998000000000.0,1.75e+18,경합 발생 자체,78,,,,3,"yhjj942, yhjj994, yhjj826",,,,,2025-07-03 10:33:46.493065100+00:00,2025-07-03 10:33:46.493065100+00:00,0.0,"yhjj994, yhjj826",2,0.0,-1540000000000000.0
1051,2,yhjj844,79,80,80.0,100,2025-07-03 10:33:46.496061400+00:00,2025-07-03 10:33:46.496061400+00:00,23998000000000.0,1.75154e+18,23998000000000.0,1.75e+18,경합 발생 자체,79,,,,3,"yhjj999, yhjj844, yhjj982",,,,,2025-07-03 10:33:46.496061400+00:00,2025-07-03 10:33:46.496061400+00:00,0.0,"yhjj982, yhjj999",2,0.0,-1540000000000000.0
1051,2,yhjj982,80,81,81.0,100,2025-07-03 10:33:46.496061400+00:00,2025-07-03 10:33:46.496061400+00:00,23998000000000.0,1.75154e+18,23998000000000.0,1.75e+18,경합 발생 자체,80,,,,3,"yhjj999, yhjj844, yhjj982",,,,,2025-07-03 10:33:46.496061400+00:00,2025-07-03 10:33:46.496061400+00:00,0.0,"yhjj844, yhjj999",2,0.0,-1540000000000000.0
1051,3,yhjj999,81,82,82.0,100,2025-07-03 10:33:46.496061400+00:00,2025-07-03 10:33:46.496061400+00:00,23998000000000.0,1.75154e+18,23998000000000.0,1.75e+18,경합 발생 자체,81,,,,3,"yhjj999, yhjj844, yhjj982",,,,,2025-07-03 10:33:46.496061400+00:00,2025-07-03 10:33:46.496061400+00:00,0.0,"yhjj844, yhjj982",2,0.0,-1540000000000000.0
1051,3,yhjj883,82,83,83.0,100,2025-07-03 10:33:46.498061200+00:00,2025-07-03 10:33:46.499060900+00:00,23998000000000.0,1.75154e+18,23998000000000.0,1.75e+18,"경합 발생 자체, 상태 전이 오류",82,,,,3,"yhjj1017, yhjj883, yhjj1015",85.0,83.0,-2.0,84.0,2025-07-03 10:33:46.498061200+00:00,2025-07-03 10:33:46.499060900+00:00,0.000999,"yhjj891, yhjj908, yhjj1015, yhjj1017",4,0.0,-1540000000000000.0
1051,3,yhjj891,82,84,83.0,100,2025-07-03 10:33:46.498061200+00:00,2025-07-03 10:33:46.498061200+00:00,23998000000000.0,1.75154e+18,23998000000000.0,1.75e+18,"값 불일치, 경합 발생 자체, 상태 전이 오류",83,83.0,84.0,1.0,5,"yhjj1015, yhjj883, yhjj891, yhjj908, yhjj1017",83.0,84.0,1.0,82.0,2025-07-03 10:33:46.498061200+00:00,2025-07-03 10:33:46.498061200+00:00,0.0,"yhjj883, yhjj908, yhjj1015",3,0.0,-1540000000000000.0
1051,3,yhjj908,84,85,85.0,100,2025-07-03 10:33:46.498061200+00:00,2025-07-03 10:33:46.498061200+00:00,23998000000000.0,1.75154e+18,23998000000000.0,1.75e+18,"경합 발생 자체, 상태 전이 오류",84,,,,5,"yhjj1015, yhjj883, yhjj891, yhjj908, yhjj1017",84.0,85.0,1.0,83.0,2025-07-03 10:33:46.498061200+00:00,2025-07-03 10:33:46.498061200+00:00,0.0,"yhjj883, yhjj891, yhjj1015",3,0.0,-1540000000000000.0
1051,3,yhjj1015,84,87,85.0,100,2025-07-03 10:33:46.498061200+00:00,2025-07-03 10:33:46.500061500+00:00,23998000000000.0,1.75154e+18,23998100000000.0,1.75e+18,"값 불일치, 경합 발생 자체",85,85.0,87.0,2.0,3,"yhjj1017, yhjj883, yhjj1015",,,,,2025-07-03 10:33:46.498061200+00:00,2025-07-03 10:33:46.500061500+00:00,0.002,"yhjj883, yhjj891, yhjj908, yhjj1017",4,100000000.0,-1540000000000000.0
1051,3,yhjj1017,85,86,86.0,100,2025-07-03 10:33:46.499060900+00:00,2025-07-03 10:33:46.499060900+00:00,23998100000000.0,1.75154e+18,23998100000000.0,1.75e+18,경합 발생 자체,86,,,,3,"yhjj1017, yhjj883, yhjj1015",,,,,2025-07-03 10:33:46.499060900+00:00,2025-07-03 10:33:46.499060900+00:00,0.0,"yhjj883, yhjj1015",2,0.0,-1540000000000000.0
1051,3,yhjj822,88,89,89.0,100,2025-07-03 10:33:46.502515300+00:00,2025-07-03 10:33:46.502515300+00:00,23998100000000.0,1.75154e+18,23998100000000.0,1.75e+18,경합 발생 자체,88,,,,4,"yhjj860, yhjj822, yhjj821, yhjj896",,,,,2025-07-03 10:33:46.502515300+00:00,2025-07-03 10:33:46.502515300+00:00,0.0,"yhjj821, yhjj896, yhjj860",3,0.0,-1540000000000000.0
1051,3,yhjj821,89,90,90.0,100,2025-07-03 10:33:46.502515300+00:00,2025-07-03 10:33:46.502515300+00:00,23998100000000.0,1.75154e+18,23998100000000.0,1.75e+18,경합 발생 자체,89,,,,4,"yhjj860, yhjj822, yhjj821, yhjj896",,,,,2025-07-03 10:33:46.502515300+00:00,2025-07-03 10:33:46.502515300+00:00,0.0,"yhjj822, yhjj896, yhjj860",3,0.0,-1540000000000000.0
1051,3,yhjj896,89,91,90.0,100,2025-07-03 10:33:46.502515300+00:00,2025-07-03 10:33:46.502515300+00:00,23998100000000.0,1.75154e+18,23998100000000.0,1.75e+18,"값 불일치, 경합 발생 자체",90,90.0,91.0,1.0,4,"yhjj860, yhjj822, yhjj821, yhjj896",,,,,2025-07-03 10:33:46.502515300+00:00,2025-07-03 10:33:46.502515300+00:00,0.0,"yhjj822, yhjj821, yhjj860",3,0.0,-1540000000000000.0
1051,3,yhjj860,91,92,92.0,100,2025-07-03 10:33:46.502515300+00:00,2025-07-03 10:33:46.502515300+00:00,23998100000000.0,1.75154e+18,23998100000000.0,1.75e+18,경합 발생 자체,91,,,,4,"yhjj860, yhjj822, yhjj821, yhjj896",,,,,2025-07-03 10:33:46.502515300+00:00,2025-07-03 10:33:46.502515300+00:00,0.0,"yhjj822, yhjj821, yhjj896",3,0.0,-1540000000000000.0
1051,3,yhjj978,92,93,93.0,100,2025-07-03 10:33:46.506528600+00:00,2025-07-03 10:33:46.506528600+00:00,23998100000000.0,1.75154e+18,23998100000000.0,1.75e+18,경합 발생 자체,92,,,,2,"yhjj958, yhjj978",,,,,2025-07-03 10:33:46.506528600+00:00,2025-07-03 10:33:46.506528600+00:00,0.0,yhjj958,1,0.0,-1540000000000000.0
1051,3,yhjj958,93,94,94.0,100,2025-07-03 10:33:46.506528600+00:00,2025-07-03 10:33:46.506528600+00:00,23998100000000.0,1.75154e+18,23998100000000.0,1.75e+18,경합 발생 자체,93,,,,2,"yhjj958, yhjj978",,,,,2025-07-03 10:33:46.506528600+00:00,2025-07-03 10:33:46.506528600+00:00,0.0,yhjj978,1,0.0,-1540000000000000.0
1051,3,yhjj938,94,95,95.0,100,2025-07-03 10:33:46.509631600+00:00,2025-07-03 10:33:46.509631600+00:00,23998100000000.0,1.75154e+18,23998100000000.0,1.75e+18,경합 발생 자체,94,,,,6,"yhjj918, yhjj938, yhjj861, yhjj876, yhjj1018, yhjj924",,,,,2025-07-03 10:33:46.509631600+00:00,2025-07-03 10:33:46.509631600+00:00,0.0,"yhjj861, yhjj876, yhjj918",3,0.0,-1540000000000000.0
1051,3,yhjj861,95,96,96.0,100,2025-07-03 10:33:46.509631600+00:00,2025-07-03 10:33:46.510633700+00:00,23998100000000.0,1.75154e+18,23998100000000.0,1.75e+18,"경합 발생 자체, 상태 전이 오류",95,,,,4,"yhjj1018, yhjj861, yhjj876, yhjj918",98.0,96.0,-2.0,97.0,2025-07-03 10:33:46.509631600+00:00,2025-07-03 10:33:46.510633700+00:00,0.001002,"yhjj938, yhjj876, yhjj918, yhjj1018",4,0.0,-1540000000000000.0
1051,3,yhjj876,96,97,97.0,100,2025-07-03 10:33:46.509631600+00:00,2025-07-03 10:33:46.510633700+00:00,23998100000000.0,1.75154e+18,23998100000000.0,1.75e+18,"경합 발생 자체, 상태 전이 오류",96,,,,4,"yhjj1018, yhjj861, yhjj876, yhjj918",96.0,97.0,1.0,95.0,2025-07-03 10:33:46.509631600+00:00,2025-07-03 10:33:46.510633700+00:00,0.001002,"yhjj938, yhjj861, yhjj918, yhjj1018",4,0.0,-1540000000000000.0
1051,3,yhjj918,99,100,100.0,100,2025-07-03 10:33:46.509631600+00:00,2025-07-03 10:33:46.511631400+00:00,23998100000000.0,1.75154e+18,23998100000000.0,1.75e+18,"경합 발생 자체, 상태 전이 오류",97,,,,2,"yhjj924, yhjj918",99.0,100.0,1.0,98.0,2025-07-03 10:33:46.509631600+00:00,2025-07-03 10:33:46.511631400+00:00,0.001999,"yhjj938, yhjj861, yhjj876, yhjj1018, yhjj924",5,0.0,-1540000000000000.0
1051,3,yhjj1018,97,98,98.0,100,2025-07-03 10:33:46.510633700+00:00,2025-07-03 10:33:46.510633700+00:00,23998100000000.0,1.75154e+18,23998100000000.0,1.75e+18,"경합 발생 자체, 상태 전이 오류",98,,,,4,"yhjj1018, yhjj861, yhjj876, yhjj918",97.0,98.0,1.0,96.0,2025-07-03 10:33:46.510633700+00:00,2025-07-03 10:33:46.510633700+00:00,0.0,"yhjj861, yhjj876, yhjj918",3,0.0,-1540000000000000.0
1051,3,yhjj924,98,99,99.0,100,2025-07-03 10:33:46.511631400+00:00,2025-07-03 10:33:46.511631400+00:00,23998100000000.0,1.75154e+18,23998100000000.0,1.75e+18,"경합 발생 자체, 상태 전이 오류",99,,,,2,"yhjj924, yhjj918",100.0,99.0,-1.0,99.0,2025-07-03 10:33:46.511631400+00:00,2025-07-03 10:33:46.511631400+00:00,0.0,yhjj918,1,0.0,-1540000000000000.0
1053,6,yhjj995,12,13,13.0,100,2025-07-03 10:35:51.753033400+00:00,2025-07-03 10:35:51.753033400+00:00,24123300000000.0,1.75154e+18,24123300000000.0,1.75e+18,"경합 발생 자체, 상태 전이 오류",12,,,,4,"yhjj821, yhjj995, yhjj921, yhjj948",15.0,13.0,-2.0,14.0,2025-07-03 10:35:51.753033400+00:00,2025-07-03 10:35:51.753033400+00:00,0.0,"yhjj921, yhjj948, yhjj821",3,0.0,-1540000000000000.0
1053,6,yhjj921,13,14,14.0,100,2025-07-03 10:35:51.753033400+00:00,2025-07-03 10:35:51.753033400+00:00,24123300000000.0,1.75154e+18,24123300000000.0,1.75e+18,"경합 발생 자체, 상태 전이 오류",13,,,,4,"yhjj821, yhjj995, yhjj921, yhjj948",16.0,14.0,-2.0,15.0,2025-07-03 10:35:51.753033400+00:00,2025-07-03 10:35:51.753033400+00:00,0.0,"yhjj995, yhjj948, yhjj821",3,0.0,-1540000000000000.0
1053,6,yhjj948,14,15,15.0,100,2025-07-03 10:35:51.753033400+00:00,2025-07-03 10:35:51.753033400+00:00,24123300000000.0,1.75154e+18,24123300000000.0,1.75e+18,"경합 발생 자체, 상태 전이 오류",14,,,,4,"yhjj821, yhjj995, yhjj921, yhjj948",14.0,15.0,1.0,13.0,2025-07-03 10:35:51.753033400+00:00,2025-07-03 10:35:51.753033400+00:00,0.0,"yhjj995, yhjj921, yhjj821",3,0.0,-1540000000000000.0
1053,6,yhjj821,15,16,16.0,100,2025-07-03 10:35:51.753033400+00:00,2025-07-03 10:35:51.753033400+00:00,24123300000000.0,1.75154e+18,24123300000000.0,1.75e+18,"경합 발생 자체, 상태 전이 오류",15,,,,4,"yhjj821, yhjj995, yhjj921, yhjj948",13.0,16.0,3.0,12.0,2025-07-03 10:35:51.753033400+00:00,2025-07-03 10:35:51.753033400+00:00,0.0,"yhjj995, yhjj921, yhjj948",3,0.0,-1540000000000000.0
1053,6,yhjj822,18,19,19.0,100,2025-07-03 10:35:51.764105800+00:00,2025-07-03 10:35:51.764105800+00:00,24123300000000.0,1.75154e+18,24123300000000.0,1.75e+18,경합 발생 자체,18,,,,2,"yhjj1001, yhjj822",,,,,2025-07-03 10:35:51.764105800+00:00,2025-07-03 10:35:51.764105800+00:00,0.0,yhjj1001,1,0.0,-1540000000000000.0
1053,6,yhjj1001,19,20,20.0,100,2025-07-03 10:35:51.764105800+00:00,2025-07-03 10:35:51.764105800+00:00,24123300000000.0,1.75154e+18,24123300000000.0,1.75e+18,경합 발생 자체,19,,,,2,"yhjj1001, yhjj822",,,,,2025-07-03 10:35:51.764105800+00:00,2025-07-03 10:35:51.764105800+00:00,0.0,yhjj822,1,0.0,-1540000000000000.0
1053,6,yhjj943,24,25,25.0,100,2025-07-03 10:35:51.773566200+00:00,2025-07-03 10:35:51.773566200+00:00,24123300000000.0,1.75154e+18,24123300000000.0,1.75e+18,"경합 발생 자체, 상태 전이 오류",24,,,,3,"yhjj1009, yhjj943, yhjj945",27.0,25.0,-2.0,26.0,2025-07-03 10:35:51.773566200+00:00,2025-07-03 10:35:51.773566200+00:00,0.0,"yhjj945, yhjj1009",2,0.0,-1540000000000000.0
1053,6,yhjj945,25,26,26.0,100,2025-07-03 10:35:51.773566200+00:00,2025-07-03 10:35:51.773566200+00:00,24123300000000.0,1.75154e+18,24123300000000.0,1.75e+18,경합 발생 자체,25,,,,3,"yhjj1009, yhjj943, yhjj945",,,,,2025-07-03 10:35:51.773566200+00:00,2025-07-03 10:35:51.773566200+00:00,0.0,"yhjj943, yhjj1009",2,0.0,-1540000000000000.0
1053,6,yhjj1009,25,27,26.0,100,2025-07-03 10:35:51.773566200+00:00,2025-07-03 10:35:51.773566200+00:00,24123300000000.0,1.75154e+18,24123300000000.0,1.75e+18,"값 불일치, 경합 발생 자체, 상태 전이 오류",26,26.0,27.0,1.0,3,"yhjj1009, yhjj943, yhjj945",25.0,27.0,2.0,24.0,2025-07-03 10:35:51.773566200+00:00,2025-07-03 10:35:51.773566200+00:00,0.0,"yhjj943, yhjj945",2,0.0,-1540000000000000.0
1053,6,yhjj944,27,28,28.0,100,2025-07-03 10:35:51.775568200+00:00,2025-07-03 10:35:51.775568200+00:00,24123300000000.0,1.75154e+18,24123300000000.0,1.75e+18,경합 발생 자체,27,,,,5,"yhjj871, yhjj944, yhjj920, yhjj829, yhjj973",,,,,2025-07-03 10:35:51.775568200+00:00,2025-07-03 10:35:51.775568200+00:00,0.0,yhjj871,1,0.0,-1540000000000000.0
1053,6,yhjj871,28,29,29.0,100,2025-07-03 10:35:51.775568200+00:00,2025-07-03 10:35:51.776568500+00:00,24123300000000.0,1.75154e+18,24123300000000.0,1.75e+18,경합 발생 자체,28,,,,4,"yhjj973, yhjj871, yhjj920, yhjj829",,,,,2025-07-03 10:35:51.775568200+00:00,2025-07-03 10:35:51.776568500+00:00,0.001,"yhjj944, yhjj920, yhjj829, yhjj973",4,0.0,-1540000000000000.0
1053,6,yhjj920,29,30,30.0,100,2025-07-03 10:35:51.776568500+00:00,2025-07-03 10:35:51.776568500+00:00,24123300000000.0,1.75154e+18,24123300000000.0,1.75e+18,경합 발생 자체,29,,,,4,"yhjj973, yhjj871, yhjj920, yhjj829",,,,,2025-07-03 10:35:51.776568500+00:00,2025-07-03 10:35:51.776568500+00:00,0.0,"yhjj871, yhjj829, yhjj973",3,0.0,-1540000000000000.0
1053,6,yhjj829,30,31,31.0,100,2025-07-03 10:35:51.776568500+00:00,2025-07-03 10:35:51.776568500+00:00,24123300000000.0,1.75154e+18,24123300000000.0,1.75e+18,경합 발생 자체,30,,,,4,"yhjj973, yhjj871, yhjj920, yhjj829",,,,,2025-07-03 10:35:51.776568500+00:00,2025-07-03 10:35:51.776568500+00:00,0.0,"yhjj871, yhjj920, yhjj973",3,0.0,-1540000000000000.0
1053,6,yhjj973,31,32,32.0,100,2025-07-03 10:35:51.776568500+00:00,2025-07-03 10:35:51.776568500+00:00,24123300000000.0,1.75154e+18,24123300000000.0,1.75e+18,경합 발생 자체,31,,,,4,"yhjj973, yhjj871, yhjj920, yhjj829",,,,,2025-07-03 10:35:51.776568500+00:00,2025-07-03 10:35:51.776568500+00:00,0.0,"yhjj871, yhjj920, yhjj829",3,0.0,-1540000000000000.0
1053,6,yhjj855,32,33,33.0,100,2025-07-03 10:35:51.777567700+00:00,2025-07-03 10:35:51.777567700+00:00,24123300000000.0,1.75154e+18,24123300000000.0,1.75e+18,경합 발생 자체,32,,,,2,"yhjj946, yhjj855",,,,,2025-07-03 10:35:51.777567700+00:00,2025-07-03 10:35:51.777567700+00:00,0.0,yhjj946,1,0.0,-1540000000000000.0
1053,6,yhjj946,33,34,34.0,100,2025-07-03 10:35:51.777567700+00:00,2025-07-03 10:35:51.777567700+00:00,24123300000000.0,1.75154e+18,24123300000000.0,1.75e+18,경합 발생 자체,33,,,,2,"yhjj946, yhjj855",,,,,2025-07-03 10:35:51.777567700+00:00,2025-07-03 10:35:51.777567700+00:00,0.0,yhjj855,1,0.0,-1540000000000000.0
1053,6,yhjj1002,38,39,39.0,100,2025-07-03 10:35:51.784172500+00:00,2025-07-03 10:35:51.784172500+00:00,24123300000000.0,1.75154e+18,24123300000000.0,1.75e+18,"경합 발생 자체, 상태 전이 오류",38,,,,2,"yhjj906, yhjj1002",40.0,39.0,-1.0,39.0,2025-07-03 10:35:51.784172500+00:00,2025-07-03 10:35:51.784172500+00:00,0.0,yhjj906,1,0.0,-1540000000000000.0
1053,6,yhjj906,39,40,40.0,100,2025-07-03 10:35:51.784172500+00:00,2025-07-03 10:35:51.784172500+00:00,24123300000000.0,1.75154e+18,24123300000000.0,1.75e+18,"경합 발생 자체, 상태 전이 오류",39,,,,2,"yhjj906, yhjj1002",39.0,40.0,1.0,38.0,2025-07-03 10:35:51.784172500+00:00,2025-07-03 10:35:51.784172500+00:00,0.0,yhjj1002,1,0.0,-1540000000000000.0
1053,6,yhjj923,40,41,41.0,100,2025-07-03 10:35:51.785171400+00:00,2025-07-03 10:35:51.785171400+00:00,24123300000000.0,1.75154e+18,24123300000000.0,1.75e+18,경합 발생 자체,40,,,,2,"yhjj866, yhjj923",,,,,2025-07-03 10:35:51.785171400+00:00,2025-07-03 10:35:51.785171400+00:00,0.0,yhjj866,1,0.0,-1540000000000000.0
1053,7,yhjj866,41,42,42.0,100,2025-07-03 10:35:51.785171400+00:00,2025-07-03 10:35:51.785171400+00:00,24123300000000.0,1.75154e+18,24123300000000.0,1.75e+18,경합 발생 자체,41,,,,2,"yhjj866, yhjj923",,,,,2025-07-03 10:35:51.785171400+00:00,2025-07-03 10:35:51.785171400+00:00,0.0,yhjj923,1,0.0,-1540000000000000.0
1053,7,yhjj989,43,44,44.0,100,2025-07-03 10:35:51.791170+00:00,2025-07-03 10:35:51.791170+00:00,24123300000000.0,1.75154e+18,24123300000000.0,1.75e+18,경합 발생 자체,43,,,,2,"yhjj950, yhjj989",,,,,2025-07-03 10:35:51.791170+00:00,2025-07-03 10:35:51.791170+00:00,0.0,yhjj950,1,0.0,-1540000000000000.0
1053,7,yhjj950,44,45,45.0,100,2025-07-03 10:35:51.791170+00:00,2025-07-03 10:35:51.791170+00:00,24123300000000.0,1.75154e+18,24123300000000.0,1.75e+18,경합 발생 자체,44,,,,2,"yhjj950, yhjj989",,,,,2025-07-03 10:35:51.791170+00:00,2025-07-03 10:35:51.791170+00:00,0.0,yhjj989,1,0.0,-1540000000000000.0
1053,7,yhjj889,45,46,46.0,100,2025-07-03 10:35:51.792433600+00:00,2025-07-03 10:35:51.792433600+00:00,24123300000000.0,1.75154e+18,24123300000000.0,1.75e+18,경합 발생 자체,45,,,,5,"yhjj961, yhjj889, yhjj891, yhjj875, yhjj854",,,,,2025-07-03 10:35:51.792433600+00:00,2025-07-03 10:35:51.792433600+00:00,0.0,yhjj961,1,0.0,-1540000000000000.0
1053,7,yhjj961,46,47,47.0,100,2025-07-03 10:35:51.792433600+00:00,2025-07-03 10:35:51.793436700+00:00,24123300000000.0,1.75154e+18,24123300000000.0,1.75e+18,경합 발생 자체,46,,,,4,"yhjj854, yhjj961, yhjj891, yhjj875",,,,,2025-07-03 10:35:51.792433600+00:00,2025-07-03 10:35:51.793436700+00:00,0.001003,"yhjj889, yhjj891, yhjj875, yhjj854",4,0.0,-1540000000000000.0
1053,7,yhjj891,47,48,48.0,100,2025-07-03 10:35:51.793436700+00:00,2025-07-03 10:35:51.793436700+00:00,24123300000000.0,1.75154e+18,24123300000000.0,1.75e+18,경합 발생 자체,47,,,,4,"yhjj854, yhjj961, yhjj891, yhjj875",,,,,2025-07-03 10:35:51.793436700+00:00,2025-07-03 10:35:51.793436700+00:00,0.0,"yhjj961, yhjj875, yhjj854",3,0.0,-1540000000000000.0
1053,7,yhjj875,48,49,49.0,100,2025-07-03 10:35:51.793436700+00:00,2025-07-03 10:35:51.793436700+00:00,24123300000000.0,1.75154e+18,24123300000000.0,1.75e+18,경합 발생 자체,48,,,,4,"yhjj854, yhjj961, yhjj891, yhjj875",,,,,2025-07-03 10:35:51.793436700+00:00,2025-07-03 10:35:51.793436700+00:00,0.0,"yhjj961, yhjj891, yhjj854",3,0.0,-1540000000000000.0
1053,7,yhjj854,49,50,50.0,100,2025-07-03 10:35:51.793436700+00:00,2025-07-03 10:35:51.793436700+00:00,24123300000000.0,1.75154e+18,24123300000000.0,1.75e+18,경합 발생 자체,49,,,,4,"yhjj854, yhjj961, yhjj891, yhjj875",,,,,2025-07-03 10:35:51.793436700+00:00,2025-07-03 10:35:51.793436700+00:00,0.0,"yhjj961, yhjj891, yhjj875",3,0.0,-1540000000000000.0
1053,7,yhjj992,50,51,51.0,100,2025-07-03 10:35:51.794437400+00:00,2025-07-03 10:35:51.794437400+00:00,24123300000000.0,1.75154e+18,24123300000000.0,1.75e+18,"경합 발생 자체, 상태 전이 오류",50,,,,3,"yhjj963, yhjj992, yhjj909",52.0,51.0,-1.0,51.0,2025-07-03 10:35:51.794437400+00:00,2025-07-03 10:35:51.794437400+00:00,0.0,"yhjj909, yhjj963",2,0.0,-1540000000000000.0
1053,7,yhjj909,51,52,52.0,100,2025-07-03 10:35:51.794437400+00:00,2025-07-03 10:35:51.794437400+00:00,24123300000000.0,1.75154e+18,24123300000000.0,1.75e+18,"경합 발생 자체, 상태 전이 오류",51,,,,3,"yhjj963, yhjj992, yhjj909",53.0,52.0,-1.0,52.0,2025-07-03 10:35:51.794437400+00:00,2025-07-03 10:35:51.794437400+00:00,0.0,"yhjj992, yhjj963",2,0.0,-1540000000000000.0
1053,7,yhjj963,52,53,53.0,100,2025-07-03 10:35:51.794437400+00:00,2025-07-03 10:35:51.794437400+00:00,24123300000000.0,1.75154e+18,24123300000000.0,1.75e+18,"경합 발생 자체, 상태 전이 오류",52,,,,3,"yhjj963, yhjj992, yhjj909",51.0,53.0,2.0,50.0,2025-07-03 10:35:51.794437400+00:00,2025-07-03 10:35:51.794437400+00:00,0.0,"yhjj992, yhjj909",2,0.0,-1540000000000000.0
1053,7,yhjj827,53,54,54.0,100,2025-07-03 10:35:51.795438800+00:00,2025-07-03 10:35:51.795438800+00:00,24123300000000.0,1.75154e+18,24123300000000.0,1.75e+18,경합 발생 자체,53,,,,5,"yhjj952, yhjj827, yhjj865, yhjj841, yhjj873",,,,,2025-07-03 10:35:51.795438800+00:00,2025-07-03 10:35:51.795438800+00:00,0.0,"yhjj865, yhjj841, yhjj952",3,0.0,-1540000000000000.0
1053,7,yhjj865,54,55,55.0,100,2025-07-03 10:35:51.795438800+00:00,2025-07-03 10:35:51.795438800+00:00,24123300000000.0,1.75154e+18,24123300000000.0,1.75e+18,경합 발생 자체,54,,,,5,"yhjj952, yhjj827, yhjj865, yhjj841, yhjj873",,,,,2025-07-03 10:35:51.795438800+00:00,2025-07-03 10:35:51.795438800+00:00,0.0,"yhjj827, yhjj841, yhjj952",3,0.0,-1540000000000000.0
1053,7,yhjj841,53,56,54.0,100,2025-07-03 10:35:51.795438800+00:00,2025-07-03 10:35:51.795438800+00:00,24123300000000.0,1.75154e+18,24123300000000.0,1.75e+18,"값 불일치, 경합 발생 자체",55,54.0,56.0,2.0,5,"yhjj952, yhjj827, yhjj865, yhjj841, yhjj873",,,,,2025-07-03 10:35:51.795438800+00:00,2025-07-03 10:35:51.795438800+00:00,0.0,"yhjj827, yhjj865, yhjj952",3,0.0,-1540000000000000.0
1053,7,yhjj952,56,57,57.0,100,2025-07-03 10:35:51.795438800+00:00,2025-07-03 10:35:51.796434300+00:00,24123300000000.0,1.75154e+18,24123300000000.0,1.75e+18,경합 발생 자체,56,,,,2,"yhjj873, yhjj952",,,,,2025-07-03 10:35:51.795438800+00:00,2025-07-03 10:35:51.796434300+00:00,0.000995,"yhjj827, yhjj865, yhjj841, yhjj873",4,0.0,-1540000000000000.0
1053,7,yhjj873,57,58,58.0,100,2025-07-03 10:35:51.796434300+00:00,2025-07-03 10:35:51.796434300+00:00,24123300000000.0,1.75154e+18,24123300000000.0,1.75e+18,경합 발생 자체,57,,,,2,"yhjj873, yhjj952",,,,,2025-07-03 10:35:51.796434300+00:00,2025-07-03 10:35:51.796434300+00:00,0.0,yhjj952,1,0.0,-1540000000000000.0
1053,7,yhjj848,58,59,59.0,100,2025-07-03 10:35:51.797434800+00:00,2025-07-03 10:35:51.797434800+00:00,24123300000000.0,1.75154e+18,24123300000000.0,1.75e+18,경합 발생 자체,58,,,,3,"yhjj971, yhjj848, yhjj953",,,,,2025-07-03 10:35:51.797434800+00:00,2025-07-03 10:35:51.797434800+00:00,0.0,"yhjj953, yhjj971",2,0.0,-1540000000000000.0
1053,7,yhjj953,58,60,59.0,100,2025-07-03 10:35:51.797434800+00:00,2025-07-03 10:35:51.797434800+00:00,24123300000000.0,1.75154e+18,24123300000000.0,1.75e+18,"값 불일치, 경합 발생 자체",59,59.0,60.0,1.0,3,"yhjj971, yhjj848, yhjj953",,,,,2025-07-03 10:35:51.797434800+00:00,2025-07-03 10:35:51.797434800+00:00,0.0,"yhjj848, yhjj971",2,0.0,-1540000000000000.0
1053,7,yhjj971,60,61,61.0,100,2025-07-03 10:35:51.797434800+00:00,2025-07-03 10:35:51.797434800+00:00,24123300000000.0,1.75154e+18,24123300000000.0,1.75e+18,경합 발생 자체,60,,,,3,"yhjj971, yhjj848, yhjj953",,,,,2025-07-03 10:35:51.797434800+00:00,2025-07-03 10:35:51.797434800+00:00,0.0,"yhjj848, yhjj953",2,0.0,-1540000000000000.0
1053,7,yhjj832,62,63,63.0,100,2025-07-03 10:35:51.799437300+00:00,2025-07-03 10:35:51.799437300+00:00,24123400000000.0,1.75154e+18,24123400000000.0,1.75e+18,"경합 발생 자체, 상태 전이 오류",62,,,,3,"yhjj819, yhjj832, yhjj970",65.0,63.0,-2.0,64.0,2025-07-03 10:35:51.799437300+00:00,2025-07-03 10:35:51.799437300+00:00,0.0,"yhjj970, yhjj819",2,0.0,-1540000000000000.0
1053,7,yhjj970,63,64,64.0,100,2025-07-03 10:35:51.799437300+00:00,2025-07-03 10:35:51.799437300+00:00,24123400000000.0,1.75154e+18,24123400000000.0,1.75e+18,경합 발생 자체,63,,,,3,"yhjj819, yhjj832, yhjj970",,,,,2025-07-03 10:35:51.799437300+00:00,2025-07-03 10:35:51.799437300+00:00,0.0,"yhjj832, yhjj819",2,0.0,-1540000000000000.0
1053,7,yhjj819,63,65,64.0,100,2025-07-03 10:35:51.799437300+00:00,2025-07-03 10:35:51.799437300+00:00,24123400000000.0,1.75154e+18,24123400000000.0,1.75e+18,"값 불일치, 경합 발생 자체, 상태 전이 오류",64,64.0,65.0,1.0,3,"yhjj819, yhjj832, yhjj970",63.0,65.0,2.0,62.0,2025-07-03 10:35:51.799437300+00:00,2025-07-03 10:35:51.799437300+00:00,0.0,"yhjj832, yhjj970",2,0.0,-1540000000000000.0
1053,7,yhjj933,66,67,67.0,100,2025-07-03 10:35:51.801354600+00:00,2025-07-03 10:35:51.802364800+00:00,24123400000000.0,1.75154e+18,24123400000000.0,1.75e+18,경합 발생 자체,66,,,,3,"yhjj940, yhjj933, yhjj901",,,,,2025-07-03 10:35:51.801354600+00:00,2025-07-03 10:35:51.802364800+00:00,0.00101,"yhjj901, yhjj940",2,0.0,-1540000000000000.0
1053,7,yhjj901,66,68,67.0,100,2025-07-03 10:35:51.801354600+00:00,2025-07-03 10:35:51.802364800+00:00,24123400000000.0,1.75154e+18,24123400000000.0,1.75e+18,"값 불일치, 경합 발생 자체",67,67.0,68.0,1.0,3,"yhjj940, yhjj933, yhjj901",,,,,2025-07-03 10:35:51.801354600+00:00,2025-07-03 10:35:51.802364800+00:00,0.00101,"yhjj933, yhjj940",2,0.0,-1540000000000000.0
1053,7,yhjj940,67,69,68.0,100,2025-07-03 10:35:51.801354600+00:00,2025-07-03 10:35:51.802364800+00:00,24123400000000.0,1.75154e+18,24123400000000.0,1.75e+18,"값 불일치, 경합 발생 자체",68,68.0,69.0,1.0,3,"yhjj940, yhjj933, yhjj901",,,,,2025-07-03 10:35:51.801354600+00:00,2025-07-03 10:35:51.802364800+00:00,0.00101,"yhjj933, yhjj901",2,0.0,-1540000000000000.0
1053,7,yhjj1018,69,70,70.0,100,2025-07-03 10:35:51.803367400+00:00,2025-07-03 10:35:51.803367400+00:00,24123400000000.0,1.75154e+18,24123400000000.0,1.75e+18,경합 발생 자체,69,,,,2,"yhjj959, yhjj1018",,,,,2025-07-03 10:35:51.803367400+00:00,2025-07-03 10:35:51.803367400+00:00,0.0,yhjj959,1,0.0,-1540000000000000.0
1053,7,yhjj959,70,71,71.0,100,2025-07-03 10:35:51.803367400+00:00,2025-07-03 10:35:51.803367400+00:00,24123400000000.0,1.75154e+18,24123400000000.0,1.75e+18,경합 발생 자체,70,,,,2,"yhjj959, yhjj1018",,,,,2025-07-03 10:35:51.803367400+00:00,2025-07-03 10:35:51.803367400+00:00,0.0,yhjj1018,1,0.0,-1540000000000000.0
1053,7,yhjj1004,71,72,72.0,100,2025-07-03 10:35:51.804362600+00:00,2025-07-03 10:35:51.804362600+00:00,24123400000000.0,1.75154e+18,24123400000000.0,1.75e+18,경합 발생 자체,71,,,,2,"yhjj1014, yhjj1004",,,,,2025-07-03 10:35:51.804362600+00:00,2025-07-03 10:35:51.804362600+00:00,0.0,yhjj1014,1,0.0,-1540000000000000.0
1053,7,yhjj1014,72,73,73.0,100,2025-07-03 10:35:51.804362600+00:00,2025-07-03 10:35:51.804362600+00:00,24123400000000.0,1.75154e+18,24123400000000.0,1.75e+18,경합 발생 자체,72,,,,2,"yhjj1014, yhjj1004",,,,,2025-07-03 10:35:51.804362600+00:00,2025-07-03 10:35:51.804362600+00:00,0.0,yhjj1004,1,0.0,-1540000000000000.0
1053,7,yhjj1010,73,74,74.0,100,2025-07-03 10:35:51.805364200+00:00,2025-07-03 10:35:51.806363700+00:00,24123400000000.0,1.75154e+18,24123400000000.0,1.75e+18,"경합 발생 자체, 상태 전이 오류",73,,,,8,"yhjj850, yhjj1010, yhjj907, yhjj986, yhjj1008, yhjj978, yhjj928, yhjj888",77.0,74.0,-3.0,76.0,2025-07-03 10:35:51.805364200+00:00,2025-07-03 10:35:51.806363700+00:00,0.000999,"yhjj907, yhjj986, yhjj1008, yhjj978, yhjj850",5,0.0,-1540000000000000.0
1053,7,yhjj907,74,75,75.0,100,2025-07-03 10:35:51.806363700+00:00,2025-07-03 10:35:51.806363700+00:00,24123400000000.0,1.75154e+18,24123400000000.0,1.75e+18,"경합 발생 자체, 상태 전이 오류",74,,,,8,"yhjj850, yhjj1010, yhjj907, yhjj986, yhjj1008, yhjj978, yhjj928, yhjj888",76.0,75.0,-1.0,75.0,2025-07-03 10:35:51.806363700+00:00,2025-07-03 10:35:51.806363700+00:00,0.0,"yhjj1010, yhjj986, yhjj1008, yhjj978, yhjj850",5,0.0,-1540000000000000.0
1053,7,yhjj986,75,78,76.0,100,2025-07-03 10:35:51.806363700+00:00,2025-07-03 10:35:51.806363700+00:00,24123400000000.0,1.75154e+18,24123400000000.0,1.75e+18,"값 불일치, 경합 발생 자체, 상태 전이 오류",75,76.0,78.0,2.0,8,"yhjj850, yhjj1010, yhjj907, yhjj986, yhjj1008, yhjj978, yhjj928, yhjj888",75.0,78.0,3.0,74.0,2025-07-03 10:35:51.806363700+00:00,2025-07-03 10:35:51.806363700+00:00,0.0,"yhjj1010, yhjj907, yhjj1008, yhjj978, yhjj850",5,0.0,-1540000000000000.0
1053,7,yhjj1008,75,76,76.0,100,2025-07-03 10:35:51.806363700+00:00,2025-07-03 10:35:51.806363700+00:00,24123400000000.0,1.75154e+18,24123400000000.0,1.75e+18,"경합 발생 자체, 상태 전이 오류",76,,,,8,"yhjj850, yhjj1010, yhjj907, yhjj986, yhjj1008, yhjj978, yhjj928, yhjj888",74.0,76.0,2.0,73.0,2025-07-03 10:35:51.806363700+00:00,2025-07-03 10:35:51.806363700+00:00,0.0,"yhjj1010, yhjj907, yhjj986, yhjj978, yhjj850",5,0.0,-1540000000000000.0
1053,7,yhjj978,75,77,76.0,100,2025-07-03 10:35:51.806363700+00:00,2025-07-03 10:35:51.807364200+00:00,24123400000000.0,1.75154e+18,24123400000000.0,1.75e+18,"값 불일치, 경합 발생 자체, 상태 전이 오류",77,76.0,77.0,1.0,4,"yhjj888, yhjj978, yhjj850, yhjj928",78.0,77.0,-1.0,77.0,2025-07-03 10:35:51.806363700+00:00,2025-07-03 10:35:51.807364200+00:00,0.001,"yhjj1010, yhjj907, yhjj986, yhjj1008, yhjj850, yhjj928, yhjj888",7,0.0,-1540000000000000.0
1053,7,yhjj850,78,79,79.0,100,2025-07-03 10:35:51.806363700+00:00,2025-07-03 10:35:51.807364200+00:00,24123400000000.0,1.75154e+18,24123400000000.0,1.75e+18,경합 발생 자체,78,,,,4,"yhjj888, yhjj978, yhjj850, yhjj928",,,,,2025-07-03 10:35:51.806363700+00:00,2025-07-03 10:35:51.807364200+00:00,0.001,"yhjj1010, yhjj907, yhjj986, yhjj1008, yhjj978, yhjj928, yhjj888",7,0.0,-1540000000000000.0
1053,7,yhjj928,79,80,80.0,100,2025-07-03 10:35:51.807364200+00:00,2025-07-03 10:35:51.807364200+00:00,24123400000000.0,1.75154e+18,24123400000000.0,1.75e+18,경합 발생 자체,79,,,,4,"yhjj888, yhjj978, yhjj850, yhjj928",,,,,2025-07-03 10:35:51.807364200+00:00,2025-07-03 10:35:51.807364200+00:00,0.0,"yhjj978, yhjj850, yhjj888",3,0.0,-1540000000000000.0
1053,7,yhjj888,80,81,81.0,100,2025-07-03 10:35:51.807364200+00:00,2025-07-03 10:35:51.807364200+00:00,24123400000000.0,1.75154e+18,24123400000000.0,1.75e+18,경합 발생 자체,80,,,,4,"yhjj888, yhjj978, yhjj850, yhjj928",,,,,2025-07-03 10:35:51.807364200+00:00,2025-07-03 10:35:51.807364200+00:00,0.0,"yhjj978, yhjj850, yhjj928",3,0.0,-1540000000000000.0
1053,8,yhjj857,82,83,83.0,100,2025-07-03 10:35:51.810668+00:00,2025-07-03 10:35:51.810668+00:00,24123400000000.0,1.75154e+18,24123400000000.0,1.75e+18,"경합 발생 자체, 상태 전이 오류",82,,,,10,"yhjj902, yhjj857, yhjj883, yhjj864, yhjj1017, yhjj997, yhjj900, yhjj846, yhjj882, yhjj852",86.0,83.0,-3.0,85.0,2025-07-03 10:35:51.810668+00:00,2025-07-03 10:35:51.810668+00:00,0.0,"yhjj883, yhjj864, yhjj1017, yhjj997, yhjj902",5,0.0,-1540000000000000.0
1053,8,yhjj883,83,84,84.0,100,2025-07-03 10:35:51.810668+00:00,2025-07-03 10:35:51.810668+00:00,24123400000000.0,1.75154e+18,24123400000000.0,1.75e+18,"경합 발생 자체, 상태 전이 오류",83,,,,10,"yhjj902, yhjj857, yhjj883, yhjj864, yhjj1017, yhjj997, yhjj900, yhjj846, yhjj882, yhjj852",87.0,84.0,-3.0,86.0,2025-07-03 10:35:51.810668+00:00,2025-07-03 10:35:51.810668+00:00,0.0,"yhjj857, yhjj864, yhjj1017, yhjj997, yhjj902",5,0.0,-1540000000000000.0
1053,8,yhjj864,84,85,85.0,100,2025-07-03 10:35:51.810668+00:00,2025-07-03 10:35:51.810668+00:00,24123400000000.0,1.75154e+18,24123400000000.0,1.75e+18,"경합 발생 자체, 상태 전이 오류",84,,,,10,"yhjj902, yhjj857, yhjj883, yhjj864, yhjj1017, yhjj997, yhjj900, yhjj846, yhjj882, yhjj852",84.0,85.0,1.0,83.0,2025-07-03 10:35:51.810668+00:00,2025-07-03 10:35:51.810668+00:00,0.0,"yhjj857, yhjj883, yhjj1017, yhjj997, yhjj902",5,0.0,-1540000000000000.0
1053,8,yhjj1017,85,86,86.0,100,2025-07-03 10:35:51.810668+00:00,2025-07-03 10:35:51.810668+00:00,24123400000000.0,1.75154e+18,24123400000000.0,1.75e+18,"경합 발생 자체, 상태 전이 오류",85,,,,10,"yhjj902, yhjj857, yhjj883, yhjj864, yhjj1017, yhjj997, yhjj900, yhjj846, yhjj882, yhjj852",83.0,86.0,3.0,82.0,2025-07-03 10:35:51.810668+00:00,2025-07-03 10:35:51.810668+00:00,0.0,"yhjj857, yhjj883, yhjj864, yhjj997, yhjj902",5,0.0,-1540000000000000.0
1053,8,yhjj997,86,87,87.0,100,2025-07-03 10:35:51.810668+00:00,2025-07-03 10:35:51.810668+00:00,24123400000000.0,1.75154e+18,24123400000000.0,1.75e+18,"경합 발생 자체, 상태 전이 오류",86,,,,10,"yhjj902, yhjj857, yhjj883, yhjj864, yhjj1017, yhjj997, yhjj900, yhjj846, yhjj882, yhjj852",85.0,87.0,2.0,84.0,2025-07-03 10:35:51.810668+00:00,2025-07-03 10:35:51.810668+00:00,0.0,"yhjj857, yhjj883, yhjj864, yhjj1017, yhjj902",5,0.0,-1540000000000000.0
1053,8,yhjj902,85,91,86.0,100,2025-07-03 10:35:51.810668+00:00,2025-07-03 10:35:51.812204400+00:00,24123400000000.0,1.75154e+18,24123400000000.0,1.75e+18,"값 불일치, 경합 발생 자체, 상태 전이 오류",87,86.0,91.0,5.0,5,"yhjj852, yhjj902, yhjj900, yhjj846, yhjj882",88.0,91.0,3.0,87.0,2025-07-03 10:35:51.810668+00:00,2025-07-03 10:35:51.812204400+00:00,0.001536,"yhjj857, yhjj883, yhjj864, yhjj1017, yhjj997, yhjj900, yhjj846, yhjj882, yhjj852",9,0.0,-1540000000000000.0
1053,8,yhjj900,87,88,88.0,100,2025-07-03 10:35:51.812204400+00:00,2025-07-03 10:35:51.812204400+00:00,24123400000000.0,1.75154e+18,24123400000000.0,1.75e+18,"경합 발생 자체, 상태 전이 오류",88,,,,5,"yhjj852, yhjj902, yhjj900, yhjj846, yhjj882",89.0,88.0,-1.0,88.0,2025-07-03 10:35:51.812204400+00:00,2025-07-03 10:35:51.812204400+00:00,0.0,"yhjj902, yhjj846, yhjj882, yhjj852",4,0.0,-1540000000000000.0
1053,8,yhjj846,88,89,89.0,100,2025-07-03 10:35:51.812204400+00:00,2025-07-03 10:35:51.812204400+00:00,24123400000000.0,1.75154e+18,24123400000000.0,1.75e+18,"경합 발생 자체, 상태 전이 오류",89,,,,5,"yhjj852, yhjj902, yhjj900, yhjj846, yhjj882",90.0,89.0,-1.0,89.0,2025-07-03 10:35:51.812204400+00:00,2025-07-03 10:35:51.812204400+00:00,0.0,"yhjj902, yhjj900, yhjj882, yhjj852",4,0.0,-1540000000000000.0
1053,8,yhjj882,89,90,90.0,100,2025-07-03 10:35:51.812204400+00:00,2025-07-03 10:35:51.812204400+00:00,24123400000000.0,1.75154e+18,24123400000000.0,1.75e+18,"경합 발생 자체, 상태 전이 오류",90,,,,5,"yhjj852, yhjj902, yhjj900, yhjj846, yhjj882",91.0,90.0,-1.0,90.0,2025-07-03 10:35:51.812204400+00:00,2025-07-03 10:35:51.812204400+00:00,0.0,"yhjj902, yhjj900, yhjj846, yhjj852",4,0.0,-1540000000000000.0
1053,8,yhjj852,91,92,92.0,100,2025-07-03 10:35:51.812204400+00:00,2025-07-03 10:35:51.812204400+00:00,24123400000000.0,1.75154e+18,24123400000000.0,1.75e+18,경합 발생 자체,91,,,,5,"yhjj852, yhjj902, yhjj900, yhjj846, yhjj882",,,,,2025-07-03 10:35:51.812204400+00:00,2025-07-03 10:35:51.812204400+00:00,0.0,"yhjj902, yhjj900, yhjj846, yhjj882",4,0.0,-1540000000000000.0
1053,8,yhjj870,93,94,94.0,100,2025-07-03 10:35:51.814383900+00:00,2025-07-03 10:35:51.814383900+00:00,24123400000000.0,1.75154e+18,24123400000000.0,1.75e+18,경합 발생 자체,93,,,,2,"yhjj1012, yhjj870",,,,,2025-07-03 10:35:51.814383900+00:00,2025-07-03 10:35:51.814383900+00:00,0.0,yhjj1012,1,0.0,-1540000000000000.0
1053,8,yhjj1012,94,95,95.0,100,2025-07-03 10:35:51.814383900+00:00,2025-07-03 10:35:51.814383900+00:00,24123400000000.0,1.75154e+18,24123400000000.0,1.75e+18,경합 발생 자체,94,,,,2,"yhjj1012, yhjj870",,,,,2025-07-03 10:35:51.814383900+00:00,2025-07-03 10:35:51.814383900+00:00,0.0,yhjj870,1,0.0,-1540000000000000.0
1053,8,yhjj942,96,97,97.0,100,2025-07-03 10:35:51.816438100+00:00,2025-07-03 10:35:51.816438100+00:00,24123400000000.0,1.75154e+18,24123400000000.0,1.75e+18,"경합 발생 자체, 상태 전이 오류",96,,,,4,"yhjj934, yhjj942, yhjj919, yhjj941",99.0,97.0,-2.0,98.0,2025-07-03 10:35:51.816438100+00:00,2025-07-03 10:35:51.816438100+00:00,0.0,"yhjj919, yhjj941, yhjj934",3,0.0,-1540000000000000.0
1053,8,yhjj919,97,98,98.0,100,2025-07-03 10:35:51.816438100+00:00,2025-07-03 10:35:51.816438100+00:00,24123400000000.0,1.75154e+18,24123400000000.0,1.75e+18,"경합 발생 자체, 상태 전이 오류",97,,,,4,"yhjj934, yhjj942, yhjj919, yhjj941",97.0,98.0,1.0,96.0,2025-07-03 10:35:51.816438100+00:00,2025-07-03 10:35:51.816438100+00:00,0.0,"yhjj942, yhjj941, yhjj934",3,0.0,-1540000000000000.0
1053,8,yhjj941,98,99,99.0,100,2025-07-03 10:35:51.816438100+00:00,2025-07-03 10:35:51.816438100+00:00,24123400000000.0,1.75154e+18,24123400000000.0,1.75e+18,"경합 발생 자체, 상태 전이 오류",98,,,,4,"yhjj934, yhjj942, yhjj919, yhjj941",98.0,99.0,1.0,97.0,2025-07-03 10:35:51.816438100+00:00,2025-07-03 10:35:51.816438100+00:00,0.0,"yhjj942, yhjj919, yhjj934",3,0.0,-1540000000000000.0
1053,8,yhjj934,98,100,99.0,100,2025-07-03 10:35:51.816438100+00:00,2025-07-03 10:35:51.817439700+00:00,24123400000000.0,1.75154e+18,24123400000000.0,1.75e+18,"값 불일치, 경합 발생 자체",99,99.0,100.0,1.0,4,"yhjj934, yhjj942, yhjj919, yhjj941",,,,,2025-07-03 10:35:51.816438100+00:00,2025-07-03 10:35:51.817439700+00:00,0.001001,"yhjj942, yhjj919, yhjj941",3,0.0,-1540000000000000.0
