roomNumber,bin,user_id,prev_people,curr_people,expected_people,max_people,room_entry_sequence,join_result,prev_entry_time,curr_entry_time,true_critical_section_nanoTime_start,true_critical_section_epochNano_start,true_critical_section_nanoTime_end,true_critical_section_epochNano_end
1051,1,yhjj967,1,2,2,100,1,SUCCESS,2025-07-03 10:33:46.324493200+00:00,2025-07-03T10:33:46.324493200Z,2.39979E+13,1.75154E+18,2.39979E+13,1.75E+18
1051,1,yhjj862,2,3,3,100,2,SUCCESS,2025-07-03 10:33:46.324493200+00:00,2025-07-03T10:33:46.325492Z,2.39979E+13,1.75154E+18,2.39979E+13,1.75E+18
1051,1,yhjj919,3,4,4,100,3,SUCCESS,2025-07-03 10:33:46.325492+00:00,2025-07-03T10:33:46.325492Z,2.39979E+13,1.75154E+18,2.39979E+13,1.75E+18
1051,1,yhjj980,4,5,5,100,4,SUCCESS,2025-07-03 10:33:46.330493500+00:00,2025-07-03T10:33:46.331493400Z,2.39979E+13,1.75154E+18,2.39979E+13,1.75E+18
1051,1,yhjj989,5,6,6,100,5,SUCCESS,2025-07-03 10:33:46.372135300+00:00,2025-07-03T10:33:46.373133Z,2.39979E+13,1.75154E+18,2.39979E+13,1.75E+18
1051,1,yhjj1003,6,7,7,100,6,SUCCESS,2025-07-03 10:33:46.373133+00:00,2025-07-03T10:33:46.373133Z,2.39979E+13,1.75154E+18,2.39979E+13,1.75E+18
1051,1,yhjj977,6,8,7,100,7,SUCCESS,2025-07-03 10:33:46.373133+00:00,2025-07-03T10:33:46.373133Z,2.39979E+13,1.75154E+18,2.39979E+13,1.75E+18
1051,1,yhjj830,8,9,9,100,8,SUCCESS,2025-07-03 10:33:46.373133+00:00,2025-07-03T10:33:46.373133Z,2.39979E+13,1.75154E+18,2.39979E+13,1.75E+18
1051,1,yhjj1002,8,10,9,100,9,SUCCESS,2025-07-03 10:33:46.373133+00:00,2025-07-03T10:33:46.373133Z,2.39979E+13,1.75154E+18,2.39979E+13,1.75E+18
1051,1,yhjj855,10,13,11,100,10,SUCCESS,2025-07-03 10:33:46.374135600+00:00,2025-07-03T10:33:46.384604900Z,2.39979E+13,1.75154E+18,2.39979E+13,1.75E+18
1051,1,yhjj850,10,11,11,100,11,SUCCESS,2025-07-03 10:33:46.374135600+00:00,2025-07-03T10:33:46.375737600Z,2.39979E+13,1.75154E+18,2.39979E+13,1.75E+18
1051,1,yhjj846,11,12,12,100,12,SUCCESS,2025-07-03 10:33:46.375134900+00:00,2025-07-03T10:33:46.375737600Z,2.39979E+13,1.75154E+18,2.39979E+13,1.75E+18
1051,1,yhjj1001,13,14,14,100,13,SUCCESS,2025-07-03 10:33:46.380590700+00:00,2025-07-03T10:33:46.380590700Z,2.39979E+13,1.75154E+18,2.39979E+13,1.75E+18
1051,1,yhjj854,14,15,15,100,14,SUCCESS,2025-07-03 10:33:46.386611100+00:00,2025-07-03T10:33:46.390628300Z,2.39979E+13,1.75154E+18,2.39979E+13,1.75E+18
1051,1,yhjj914,15,16,16,100,15,SUCCESS,2025-07-03 10:33:46.397632400+00:00,2025-07-03T10:33:46.397632400Z,2.39979E+13,1.75154E+18,2.39979E+13,1.75E+18
1051,1,yhjj848,16,24,17,100,16,SUCCESS,2025-07-03 10:33:46.397632400+00:00,2025-07-03T10:33:46.400632600Z,2.39979E+13,1.75154E+18,2.3998E+13,1.75E+18
1051,1,yhjj961,16,17,17,100,17,SUCCESS,2025-07-03 10:33:46.397632400+00:00,2025-07-03T10:33:46.400632600Z,2.39979E+13,1.75154E+18,2.3998E+13,1.75E+18
1051,1,yhjj836,17,26,18,100,18,SUCCESS,2025-07-03 10:33:46.397632400+00:00,2025-07-03T10:33:46.400632600Z,2.39979E+13,1.75154E+18,2.3998E+13,1.75E+18
1051,1,yhjj950,17,18,18,100,19,SUCCESS,2025-07-03 10:33:46.397632400+00:00,2025-07-03T10:33:46.398633200Z,2.39979E+13,1.75154E+18,2.39979E+13,1.75E+18
1051,1,yhjj929,21,22,22,100,20,SUCCESS,2025-07-03 10:33:46.397632400+00:00,2025-07-03T10:33:46.400632600Z,2.39979E+13,1.75154E+18,2.3998E+13,1.75E+18
1051,1,yhjj927,22,23,23,100,21,SUCCESS,2025-07-03 10:33:46.397632400+00:00,2025-07-03T10:33:46.400632600Z,2.39979E+13,1.75154E+18,2.3998E+13,1.75E+18
1051,1,yhjj851,18,19,19,100,22,SUCCESS,2025-07-03 10:33:46.398633200+00:00,2025-07-03T10:33:46.399633Z,2.3998E+13,1.75154E+18,2.3998E+13,1.75E+18
1051,1,yhjj901,18,20,19,100,23,SUCCESS,2025-07-03 10:33:46.398633200+00:00,2025-07-03T10:33:46.406670400Z,2.3998E+13,1.75154E+18,2.3998E+13,1.75E+18
1051,1,yhjj847,18,29,19,100,24,SUCCESS,2025-07-03 10:33:46.398633200+00:00,2025-07-03T10:33:46.403861Z,2.39979E+13,1.75154E+18,2.3998E+13,1.75E+18
1051,1,yhjj819,31,33,32,100,25,SUCCESS,2025-07-03 10:33:46.398633200+00:00,2025-07-03T10:33:46.406670400Z,2.39979E+13,1.75154E+18,2.3998E+13,1.75E+18
1051,1,yhjj900,20,21,21,100,26,SUCCESS,2025-07-03 10:33:46.399633+00:00,2025-07-03T10:33:46.399633Z,2.3998E+13,1.75154E+18,2.3998E+13,1.75E+18
1051,1,yhjj829,20,34,21,100,27,SUCCESS,2025-07-03 10:33:46.399633+00:00,2025-07-03T10:33:46.406670400Z,2.3998E+13,1.75154E+18,2.3998E+13,1.75E+18
1051,1,yhjj948,35,36,36,100,28,SUCCESS,2025-07-03 10:33:46.399633+00:00,2025-07-03T10:33:46.421571800Z,2.3998E+13,1.75154E+18,2.3998E+13,1.75E+18
1051,1,yhjj962,24,25,25,100,29,SUCCESS,2025-07-03 10:33:46.400632600+00:00,2025-07-03T10:33:46.400632600Z,2.3998E+13,1.75154E+18,2.3998E+13,1.75E+18
1051,1,yhjj956,25,39,26,100,30,SUCCESS,2025-07-03 10:33:46.400632600+00:00,2025-07-03T10:33:46.430765600Z,2.3998E+13,1.75154E+18,2.3998E+13,1.75E+18
1051,1,yhjj878,26,27,27,100,31,SUCCESS,2025-07-03 10:33:46.400632600+00:00,2025-07-03T10:33:46.400632600Z,2.3998E+13,1.75154E+18,2.3998E+13,1.75E+18
1051,1,yhjj866,21,37,22,100,32,SUCCESS,2025-07-03 10:33:46.400632600+00:00,2025-07-03T10:33:46.427762700Z,2.3998E+13,1.75154E+18,2.3998E+13,1.75E+18
1051,1,yhjj881,37,38,38,100,33,SUCCESS,2025-07-03 10:33:46.400632600+00:00,2025-07-03T10:33:46.427762700Z,2.3998E+13,1.75154E+18,2.3998E+13,1.75E+18
1051,1,yhjj1011,35,41,36,100,34,SUCCESS,2025-07-03 10:33:46.400632600+00:00,2025-07-03T10:33:46.431292200Z,2.3998E+13,1.75154E+18,2.3998E+13,1.75E+18
1051,1,yhjj921,27,28,28,100,35,SUCCESS,2025-07-03 10:33:46.403861+00:00,2025-07-03T10:33:46.403861Z,2.3998E+13,1.75154E+18,2.3998E+13,1.75E+18
1051,1,yhjj986,28,30,29,100,36,SUCCESS,2025-07-03 10:33:46.403861+00:00,2025-07-03T10:33:46.403861Z,2.3998E+13,1.75154E+18,2.3998E+13,1.75E+18
1051,1,yhjj832,30,31,31,100,37,SUCCESS,2025-07-03 10:33:46.403861+00:00,2025-07-03T10:33:46.403861Z,2.3998E+13,1.75154E+18,2.3998E+13,1.75E+18
1051,1,yhjj874,31,32,32,100,38,SUCCESS,2025-07-03 10:33:46.406670400+00:00,2025-07-03T10:33:46.406670400Z,2.3998E+13,1.75154E+18,2.3998E+13,1.75E+18
1051,1,yhjj966,32,40,33,100,39,SUCCESS,2025-07-03 10:33:46.406670400+00:00,2025-07-03T10:33:46.428764200Z,2.3998E+13,1.75154E+18,2.3998E+13,1.75E+18
1051,1,yhjj1009,34,35,35,100,40,SUCCESS,2025-07-03 10:33:46.406670400+00:00,2025-07-03T10:33:46.406670400Z,2.3998E+13,1.75154E+18,2.3998E+13,1.75E+18
1051,2,yhjj946,41,42,42,100,41,SUCCESS,2025-07-03 10:33:46.434701800+00:00,2025-07-03T10:33:46.434701800Z,2.3998E+13,1.75154E+18,2.3998E+13,1.75E+18
1051,2,yhjj912,42,46,43,100,42,SUCCESS,2025-07-03 10:33:46.434701800+00:00,2025-07-03T10:33:46.436708100Z,2.3998E+13,1.75154E+18,2.3998E+13,1.75E+18
1051,2,yhjj988,42,43,43,100,43,SUCCESS,2025-07-03 10:33:46.434701800+00:00,2025-07-03T10:33:46.434701800Z,2.3998E+13,1.75154E+18,2.3998E+13,1.75E+18
1051,2,yhjj1014,43,44,44,100,44,SUCCESS,2025-07-03 10:33:46.434701800+00:00,2025-07-03T10:33:46.434701800Z,2.3998E+13,1.75154E+18,2.3998E+13,1.75E+18
1051,2,yhjj1000,44,45,45,100,45,SUCCESS,2025-07-03 10:33:46.436708100+00:00,2025-07-03T10:33:46.436708100Z,2.3998E+13,1.75154E+18,2.3998E+13,1.75E+18
1051,2,yhjj963,45,47,46,100,46,SUCCESS,2025-07-03 10:33:46.436708100+00:00,2025-07-03T10:33:46.436708100Z,2.3998E+13,1.75154E+18,2.3998E+13,1.75E+18
1051,2,yhjj895,44,48,45,100,47,SUCCESS,2025-07-03 10:33:46.436708100+00:00,2025-07-03T10:33:46.436708100Z,2.3998E+13,1.75154E+18,2.3998E+13,1.75E+18
1051,2,yhjj945,48,49,49,100,48,SUCCESS,2025-07-03 10:33:46.436708100+00:00,2025-07-03T10:33:46.436708100Z,2.3998E+13,1.75154E+18,2.3998E+13,1.75E+18
1051,2,yhjj820,49,50,50,100,49,SUCCESS,2025-07-03 10:33:46.445577100+00:00,2025-07-03T10:33:46.445577100Z,2.3998E+13,1.75154E+18,2.3998E+13,1.75E+18
1051,2,yhjj1006,49,51,50,100,50,SUCCESS,2025-07-03 10:33:46.445577100+00:00,2025-07-03T10:33:46.445577100Z,2.3998E+13,1.75154E+18,2.3998E+13,1.75E+18
1051,2,yhjj905,51,52,52,100,51,SUCCESS,2025-07-03 10:33:46.445577100+00:00,2025-07-03T10:33:46.445577100Z,2.3998E+13,1.75154E+18,2.3998E+13,1.75E+18
1051,2,yhjj909,52,53,53,100,52,SUCCESS,2025-07-03 10:33:46.445577100+00:00,2025-07-03T10:33:46.445577100Z,2.3998E+13,1.75154E+18,2.3998E+13,1.75E+18
1051,2,yhjj864,53,54,54,100,53,SUCCESS,2025-07-03 10:33:46.450576200+00:00,2025-07-03T10:33:46.450576200Z,2.3998E+13,1.75154E+18,2.3998E+13,1.75E+18
1051,2,yhjj983,53,55,54,100,54,SUCCESS,2025-07-03 10:33:46.450576200+00:00,2025-07-03T10:33:46.450576200Z,2.3998E+13,1.75154E+18,2.3998E+13,1.75E+18
1051,2,yhjj953,55,56,56,100,55,SUCCESS,2025-07-03 10:33:46.455775300+00:00,2025-07-03T10:33:46.455775300Z,2.3998E+13,1.75154E+18,2.3998E+13,1.75E+18
1051,2,yhjj949,56,57,57,100,56,SUCCESS,2025-07-03 10:33:46.457776200+00:00,2025-07-03T10:33:46.457776200Z,2.3998E+13,1.75154E+18,2.3998E+13,1.75E+18
1051,2,yhjj984,57,58,58,100,57,SUCCESS,2025-07-03 10:33:46.457776200+00:00,2025-07-03T10:33:46.457776200Z,2.3998E+13,1.75154E+18,2.3998E+13,1.75E+18
1051,2,yhjj975,58,59,59,100,58,SUCCESS,2025-07-03 10:33:46.461110900+00:00,2025-07-03T10:33:46.461110900Z,2.3998E+13,1.75154E+18,2.3998E+13,1.75E+18
1051,2,yhjj992,59,60,60,100,59,SUCCESS,2025-07-03 10:33:46.461110900+00:00,2025-07-03T10:33:46.461110900Z,2.3998E+13,1.75154E+18,2.3998E+13,1.75E+18
1051,2,yhjj922,60,61,61,100,60,SUCCESS,2025-07-03 10:33:46.466951800+00:00,2025-07-03T10:33:46.466951800Z,2.3998E+13,1.75154E+18,2.3998E+13,1.75E+18
1051,2,yhjj933,61,62,62,100,61,SUCCESS,2025-07-03 10:33:46.466951800+00:00,2025-07-03T10:33:46.466951800Z,2.3998E+13,1.75154E+18,2.3998E+13,1.75E+18
1051,2,yhjj947,62,63,63,100,62,SUCCESS,2025-07-03 10:33:46.466951800+00:00,2025-07-03T10:33:46.467952200Z,2.3998E+13,1.75154E+18,2.3998E+13,1.75E+18
1051,2,yhjj964,63,64,64,100,63,SUCCESS,2025-07-03 10:33:46.470952700+00:00,2025-07-03T10:33:46.470952700Z,2.3998E+13,1.75154E+18,2.3998E+13,1.75E+18
1051,2,yhjj875,64,65,65,100,64,SUCCESS,2025-07-03 10:33:46.474647300+00:00,2025-07-03T10:33:46.474647300Z,2.3998E+13,1.75154E+18,2.3998E+13,1.75E+18
1051,2,yhjj943,65,66,66,100,65,SUCCESS,2025-07-03 10:33:46.475647900+00:00,2025-07-03T10:33:46.475647900Z,2.3998E+13,1.75154E+18,2.3998E+13,1.75E+18
1051,2,yhjj903,66,67,67,100,66,SUCCESS,2025-07-03 10:33:46.477647600+00:00,2025-07-03T10:33:46.477647600Z,2.3998E+13,1.75154E+18,2.3998E+13,1.75E+18
1051,2,yhjj959,67,68,68,100,67,SUCCESS,2025-07-03 10:33:46.477647600+00:00,2025-07-03T10:33:46.478649900Z,2.3998E+13,1.75154E+18,2.3998E+13,1.75E+18
1051,2,yhjj991,67,69,68,100,68,SUCCESS,2025-07-03 10:33:46.477647600+00:00,2025-07-03T10:33:46.478649900Z,2.3998E+13,1.75154E+18,2.3998E+13,1.75E+18
1051,2,yhjj1007,69,70,70,100,69,SUCCESS,2025-07-03 10:33:46.481586300+00:00,2025-07-03T10:33:46.481586300Z,2.3998E+13,1.75154E+18,2.3998E+13,1.75E+18
1051,2,yhjj833,70,71,71,100,70,SUCCESS,2025-07-03 10:33:46.484599900+00:00,2025-07-03T10:33:46.484599900Z,2.3998E+13,1.75154E+18,2.3998E+13,1.75E+18
1051,2,yhjj951,71,72,72,100,71,SUCCESS,2025-07-03 10:33:46.484599900+00:00,2025-07-03T10:33:46.484599900Z,2.3998E+13,1.75154E+18,2.3998E+13,1.75E+18
1051,2,yhjj970,72,73,73,100,72,SUCCESS,2025-07-03 10:33:46.486596800+00:00,2025-07-03T10:33:46.486596800Z,2.3998E+13,1.75154E+18,2.3998E+13,1.75E+18
1051,2,yhjj968,73,74,74,100,73,SUCCESS,2025-07-03 10:33:46.488596900+00:00,2025-07-03T10:33:46.488596900Z,2.3998E+13,1.75154E+18,2.3998E+13,1.75E+18
1051,2,yhjj928,74,75,75,100,74,SUCCESS,2025-07-03 10:33:46.488596900+00:00,2025-07-03T10:33:46.488596900Z,2.3998E+13,1.75154E+18,2.3998E+13,1.75E+18
1051,2,yhjj887,75,76,76,100,75,SUCCESS,2025-07-03 10:33:46.488596900+00:00,2025-07-03T10:33:46.488596900Z,2.3998E+13,1.75154E+18,2.3998E+13,1.75E+18
1051,2,yhjj994,76,77,77,100,76,SUCCESS,2025-07-03 10:33:46.493065100+00:00,2025-07-03T10:33:46.493065100Z,2.3998E+13,1.75154E+18,2.3998E+13,1.75E+18
1051,2,yhjj826,76,78,77,100,77,SUCCESS,2025-07-03 10:33:46.493065100+00:00,2025-07-03T10:33:46.493065100Z,2.3998E+13,1.75154E+18,2.3998E+13,1.75E+18
1051,2,yhjj942,78,79,79,100,78,SUCCESS,2025-07-03 10:33:46.493065100+00:00,2025-07-03T10:33:46.493065100Z,2.3998E+13,1.75154E+18,2.3998E+13,1.75E+18
1051,2,yhjj844,79,80,80,100,79,SUCCESS,2025-07-03 10:33:46.496061400+00:00,2025-07-03T10:33:46.496061400Z,2.3998E+13,1.75154E+18,2.3998E+13,1.75E+18
1051,2,yhjj982,80,81,81,100,80,SUCCESS,2025-07-03 10:33:46.496061400+00:00,2025-07-03T10:33:46.496061400Z,2.3998E+13,1.75154E+18,2.3998E+13,1.75E+18
1051,3,yhjj999,81,82,82,100,81,SUCCESS,2025-07-03 10:33:46.496061400+00:00,2025-07-03T10:33:46.496061400Z,2.3998E+13,1.75154E+18,2.3998E+13,1.75E+18
1051,3,yhjj883,82,83,83,100,82,SUCCESS,2025-07-03 10:33:46.498061200+00:00,2025-07-03T10:33:46.499060900Z,2.3998E+13,1.75154E+18,2.3998E+13,1.75E+18
1051,3,yhjj891,82,84,83,100,83,SUCCESS,2025-07-03 10:33:46.498061200+00:00,2025-07-03T10:33:46.498061200Z,2.3998E+13,1.75154E+18,2.3998E+13,1.75E+18
1051,3,yhjj908,84,85,85,100,84,SUCCESS,2025-07-03 10:33:46.498061200+00:00,2025-07-03T10:33:46.498061200Z,2.3998E+13,1.75154E+18,2.3998E+13,1.75E+18
1051,3,yhjj1015,84,87,85,100,85,SUCCESS,2025-07-03 10:33:46.498061200+00:00,2025-07-03T10:33:46.500061500Z,2.3998E+13,1.75154E+18,2.39981E+13,1.75E+18
1051,3,yhjj1017,85,86,86,100,86,SUCCESS,2025-07-03 10:33:46.499060900+00:00,2025-07-03T10:33:46.499060900Z,2.39981E+13,1.75154E+18,2.39981E+13,1.75E+18
1051,3,yhjj839,87,88,88,100,87,SUCCESS,2025-07-03 10:33:46.502061+00:00,2025-07-03T10:33:46.502061Z,2.39981E+13,1.75154E+18,2.39981E+13,1.75E+18
1051,3,yhjj822,88,89,89,100,88,SUCCESS,2025-07-03 10:33:46.502515300+00:00,2025-07-03T10:33:46.502515300Z,2.39981E+13,1.75154E+18,2.39981E+13,1.75E+18
1051,3,yhjj821,89,90,90,100,89,SUCCESS,2025-07-03 10:33:46.502515300+00:00,2025-07-03T10:33:46.502515300Z,2.39981E+13,1.75154E+18,2.39981E+13,1.75E+18
1051,3,yhjj896,89,91,90,100,90,SUCCESS,2025-07-03 10:33:46.502515300+00:00,2025-07-03T10:33:46.502515300Z,2.39981E+13,1.75154E+18,2.39981E+13,1.75E+18
1051,3,yhjj860,91,92,92,100,91,SUCCESS,2025-07-03 10:33:46.502515300+00:00,2025-07-03T10:33:46.502515300Z,2.39981E+13,1.75154E+18,2.39981E+13,1.75E+18
1051,3,yhjj978,92,93,93,100,92,SUCCESS,2025-07-03 10:33:46.506528600+00:00,2025-07-03T10:33:46.506528600Z,2.39981E+13,1.75154E+18,2.39981E+13,1.75E+18
1051,3,yhjj958,93,94,94,100,93,SUCCESS,2025-07-03 10:33:46.506528600+00:00,2025-07-03T10:33:46.506528600Z,2.39981E+13,1.75154E+18,2.39981E+13,1.75E+18
1051,3,yhjj938,94,95,95,100,94,SUCCESS,2025-07-03 10:33:46.509631600+00:00,2025-07-03T10:33:46.509631600Z,2.39981E+13,1.75154E+18,2.39981E+13,1.75E+18
1051,3,yhjj861,95,96,96,100,95,SUCCESS,2025-07-03 10:33:46.509631600+00:00,2025-07-03T10:33:46.510633700Z,2.39981E+13,1.75154E+18,2.39981E+13,1.75E+18
1051,3,yhjj876,96,97,97,100,96,SUCCESS,2025-07-03 10:33:46.509631600+00:00,2025-07-03T10:33:46.510633700Z,2.39981E+13,1.75154E+18,2.39981E+13,1.75E+18
1051,3,yhjj918,99,100,100,100,97,SUCCESS,2025-07-03 10:33:46.509631600+00:00,2025-07-03T10:33:46.511631400Z,2.39981E+13,1.75154E+18,2.39981E+13,1.75E+18
1051,3,yhjj1018,97,98,98,100,98,SUCCESS,2025-07-03 10:33:46.510633700+00:00,2025-07-03T10:33:46.510633700Z,2.39981E+13,1.75154E+18,2.39981E+13,1.75E+18
1051,3,yhjj924,98,99,99,100,99,SUCCESS,2025-07-03 10:33:46.511631400+00:00,2025-07-03T10:33:46.511631400Z,2.39981E+13,1.75154E+18,2.39981E+13,1.75E+18
1051,3,yhjj892,100,100,,100,100,FAIL_OVER_CAPACITY,2025-07-03 10:33:46.511631400+00:00,,2.39981E+13,1.75154E+18,,
1051,3,yhjj940,100,100,,100,101,FAIL_OVER_CAPACITY,2025-07-03 10:33:46.511631400+00:00,,2.39981E+13,1.75154E+18,,
1051,3,yhjj888,100,100,,100,102,FAIL_OVER_CAPACITY,2025-07-03 10:33:46.512632+00:00,,2.39981E+13,1.75154E+18,,
1051,3,yhjj910,100,100,,100,103,FAIL_OVER_CAPACITY,2025-07-03 10:33:46.512632+00:00,,2.39981E+13,1.75154E+18,,
1051,3,yhjj893,100,100,,100,104,FAIL_OVER_CAPACITY,2025-07-03 10:33:46.513457200+00:00,,2.39981E+13,1.75154E+18,,
1051,3,yhjj1004,100,100,,100,105,FAIL_OVER_CAPACITY,2025-07-03 10:33:46.516467+00:00,,2.39981E+13,1.75154E+18,,
1051,3,yhjj869,100,100,,100,106,FAIL_OVER_CAPACITY,2025-07-03 10:33:46.517464100+00:00,,2.39981E+13,1.75154E+18,,
1051,3,yhjj944,100,100,,100,107,FAIL_OVER_CAPACITY,2025-07-03 10:33:46.517464100+00:00,,2.39981E+13,1.75154E+18,,
1051,3,yhjj838,100,100,,100,108,FAIL_OVER_CAPACITY,2025-07-03 10:33:46.518468500+00:00,,2.39981E+13,1.75154E+18,,
1051,3,yhjj849,100,100,,100,109,FAIL_OVER_CAPACITY,2025-07-03 10:33:46.518468500+00:00,,2.39981E+13,1.75154E+18,,
1051,3,yhjj925,100,100,,100,110,FAIL_OVER_CAPACITY,2025-07-03 10:33:46.518468500+00:00,,2.39981E+13,1.75154E+18,,
1051,3,yhjj863,100,100,,100,111,FAIL_OVER_CAPACITY,2025-07-03 10:33:46.521092+00:00,,2.39981E+13,1.75154E+18,,
1051,3,yhjj993,100,100,,100,112,FAIL_OVER_CAPACITY,2025-07-03 10:33:46.521092+00:00,,2.39981E+13,1.75154E+18,,
1051,3,yhjj957,100,100,,100,113,FAIL_OVER_CAPACITY,2025-07-03 10:33:46.522097400+00:00,,2.39981E+13,1.75154E+18,,
1051,3,yhjj902,100,100,,100,114,FAIL_OVER_CAPACITY,2025-07-03 10:33:46.523099200+00:00,,2.39981E+13,1.75154E+18,,
1051,3,yhjj843,100,100,,100,115,FAIL_OVER_CAPACITY,2025-07-03 10:33:46.524098500+00:00,,2.39981E+13,1.75154E+18,,
1051,3,yhjj867,100,100,,100,116,FAIL_OVER_CAPACITY,2025-07-03 10:33:46.524098500+00:00,,2.39981E+13,1.75154E+18,,
1051,3,yhjj890,100,100,,100,117,FAIL_OVER_CAPACITY,2025-07-03 10:33:46.524098500+00:00,,2.39981E+13,1.75154E+18,,
1051,3,yhjj880,100,100,,100,118,FAIL_OVER_CAPACITY,2025-07-03 10:33:46.524098500+00:00,,2.39981E+13,1.75154E+18,,
1051,3,yhjj872,100,100,,100,119,FAIL_OVER_CAPACITY,2025-07-03 10:33:46.525098500+00:00,,2.39981E+13,1.75154E+18,,
1051,3,yhjj882,100,100,,100,120,FAIL_OVER_CAPACITY,2025-07-03 10:33:46.525098500+00:00,,2.39981E+13,1.75154E+18,,
1051,4,yhjj934,100,100,,100,121,FAIL_OVER_CAPACITY,2025-07-03 10:33:46.526098300+00:00,,2.39981E+13,1.75154E+18,,
1051,4,yhjj930,100,100,,100,122,FAIL_OVER_CAPACITY,2025-07-03 10:33:46.526098300+00:00,,2.39981E+13,1.75154E+18,,
1051,4,yhjj936,100,100,,100,123,FAIL_OVER_CAPACITY,2025-07-03 10:33:46.526098300+00:00,,2.39981E+13,1.75154E+18,,
1051,4,yhjj823,100,100,,100,124,FAIL_OVER_CAPACITY,2025-07-03 10:33:46.527099400+00:00,,2.39981E+13,1.75154E+18,,
1051,4,yhjj824,100,100,,100,125,FAIL_OVER_CAPACITY,2025-07-03 10:33:46.527099400+00:00,,2.39981E+13,1.75154E+18,,
1051,4,yhjj868,100,100,,100,126,FAIL_OVER_CAPACITY,2025-07-03 10:33:46.527099400+00:00,,2.39981E+13,1.75154E+18,,
1051,4,yhjj859,100,100,,100,127,FAIL_OVER_CAPACITY,2025-07-03 10:33:46.528098+00:00,,2.39981E+13,1.75154E+18,,
1051,4,yhjj960,100,100,,100,128,FAIL_OVER_CAPACITY,2025-07-03 10:33:46.528098+00:00,,2.39981E+13,1.75154E+18,,
1051,4,yhjj840,100,100,,100,129,FAIL_OVER_CAPACITY,2025-07-03 10:33:46.529097800+00:00,,2.39981E+13,1.75154E+18,,
1051,4,yhjj873,100,100,,100,130,FAIL_OVER_CAPACITY,2025-07-03 10:33:46.529097800+00:00,,2.39981E+13,1.75154E+18,,
1051,4,yhjj834,100,100,,100,131,FAIL_OVER_CAPACITY,2025-07-03 10:33:46.529097800+00:00,,2.39981E+13,1.75154E+18,,
1051,4,yhjj937,100,100,,100,132,FAIL_OVER_CAPACITY,2025-07-03 10:33:46.529097800+00:00,,2.39981E+13,1.75154E+18,,
1051,4,yhjj995,100,100,,100,133,FAIL_OVER_CAPACITY,2025-07-03 10:33:46.530097200+00:00,,2.39981E+13,1.75154E+18,,
1051,4,yhjj985,100,100,,100,134,FAIL_OVER_CAPACITY,2025-07-03 10:33:46.530097200+00:00,,2.39981E+13,1.75154E+18,,
1051,4,yhjj899,100,100,,100,135,FAIL_OVER_CAPACITY,2025-07-03 10:33:46.531097700+00:00,,2.39981E+13,1.75154E+18,,
1051,4,yhjj898,100,100,,100,136,FAIL_OVER_CAPACITY,2025-07-03 10:33:46.531097700+00:00,,2.39981E+13,1.75154E+18,,
1051,4,yhjj906,100,100,,100,137,FAIL_OVER_CAPACITY,2025-07-03 10:33:46.531097700+00:00,,2.39981E+13,1.75154E+18,,
1051,4,yhjj858,100,100,,100,138,FAIL_OVER_CAPACITY,2025-07-03 10:33:46.531097700+00:00,,2.39981E+13,1.75154E+18,,
1051,4,yhjj841,100,100,,100,139,FAIL_OVER_CAPACITY,2025-07-03 10:33:46.531097700+00:00,,2.39981E+13,1.75154E+18,,
1051,4,yhjj837,100,100,,100,140,FAIL_OVER_CAPACITY,2025-07-03 10:33:46.531097700+00:00,,2.39981E+13,1.75154E+18,,
1051,4,yhjj931,100,100,,100,141,FAIL_OVER_CAPACITY,2025-07-03 10:33:46.531097700+00:00,,2.39981E+13,1.75154E+18,,
1051,4,yhjj857,100,100,,100,142,FAIL_OVER_CAPACITY,2025-07-03 10:33:46.531097700+00:00,,2.39981E+13,1.75154E+18,,
1051,4,yhjj935,100,100,,100,143,FAIL_OVER_CAPACITY,2025-07-03 10:33:46.532484200+00:00,,2.39981E+13,1.75154E+18,,
1051,4,yhjj897,100,100,,100,144,FAIL_OVER_CAPACITY,2025-07-03 10:33:46.533491300+00:00,,2.39981E+13,1.75154E+18,,
1051,4,yhjj835,100,100,,100,145,FAIL_OVER_CAPACITY,2025-07-03 10:33:46.533491300+00:00,,2.39981E+13,1.75154E+18,,
1051,4,yhjj996,100,100,,100,146,FAIL_OVER_CAPACITY,2025-07-03 10:33:46.533491300+00:00,,2.39981E+13,1.75154E+18,,
1051,4,yhjj885,100,100,,100,147,FAIL_OVER_CAPACITY,2025-07-03 10:33:46.533491300+00:00,,2.39981E+13,1.75154E+18,,
1051,4,yhjj973,100,100,,100,148,FAIL_OVER_CAPACITY,2025-07-03 10:33:46.534491300+00:00,,2.39981E+13,1.75154E+18,,
1051,4,yhjj871,100,100,,100,149,FAIL_OVER_CAPACITY,2025-07-03 10:33:46.534491300+00:00,,2.39981E+13,1.75154E+18,,
1051,4,yhjj955,100,100,,100,150,FAIL_OVER_CAPACITY,2025-07-03 10:33:46.534491300+00:00,,2.39981E+13,1.75154E+18,,
1051,4,yhjj990,100,100,,100,151,FAIL_OVER_CAPACITY,2025-07-03 10:33:46.534491300+00:00,,2.39981E+13,1.75154E+18,,
1051,4,yhjj965,100,100,,100,152,FAIL_OVER_CAPACITY,2025-07-03 10:33:46.535492400+00:00,,2.39981E+13,1.75154E+18,,
1051,4,yhjj870,100,100,,100,153,FAIL_OVER_CAPACITY,2025-07-03 10:33:46.535492400+00:00,,2.39981E+13,1.75154E+18,,
1051,4,yhjj911,100,100,,100,154,FAIL_OVER_CAPACITY,2025-07-03 10:33:46.535492400+00:00,,2.39981E+13,1.75154E+18,,
1051,4,yhjj853,100,100,,100,155,FAIL_OVER_CAPACITY,2025-07-03 10:33:46.535492400+00:00,,2.39981E+13,1.75154E+18,,
1051,4,yhjj884,100,100,,100,156,FAIL_OVER_CAPACITY,2025-07-03 10:33:46.536491900+00:00,,2.39981E+13,1.75154E+18,,
1051,4,yhjj920,100,100,,100,157,FAIL_OVER_CAPACITY,2025-07-03 10:33:46.536491900+00:00,,2.39981E+13,1.75154E+18,,
1051,4,yhjj842,100,100,,100,158,FAIL_OVER_CAPACITY,2025-07-03 10:33:46.537492+00:00,,2.39981E+13,1.75154E+18,,
1051,4,yhjj1012,100,100,,100,159,FAIL_OVER_CAPACITY,2025-07-03 10:33:46.537492+00:00,,2.39981E+13,1.75154E+18,,
1051,4,yhjj1016,100,100,,100,160,FAIL_OVER_CAPACITY,2025-07-03 10:33:46.537492+00:00,,2.39981E+13,1.75154E+18,,
1051,5,yhjj904,100,100,,100,161,FAIL_OVER_CAPACITY,2025-07-03 10:33:46.537492+00:00,,2.39981E+13,1.75154E+18,,
1051,5,yhjj923,100,100,,100,162,FAIL_OVER_CAPACITY,2025-07-03 10:33:46.537492+00:00,,2.39981E+13,1.75154E+18,,
1051,5,yhjj877,100,100,,100,163,FAIL_OVER_CAPACITY,2025-07-03 10:33:46.538492+00:00,,2.39981E+13,1.75154E+18,,
1051,5,yhjj1008,100,100,,100,164,FAIL_OVER_CAPACITY,2025-07-03 10:33:46.538492+00:00,,2.39981E+13,1.75154E+18,,
1051,5,yhjj894,100,100,,100,165,FAIL_OVER_CAPACITY,2025-07-03 10:33:46.539491900+00:00,,2.39981E+13,1.75154E+18,,
1051,5,yhjj889,100,100,,100,166,FAIL_OVER_CAPACITY,2025-07-03 10:33:46.540491600+00:00,,2.39981E+13,1.75154E+18,,
1051,5,yhjj954,100,100,,100,167,FAIL_OVER_CAPACITY,2025-07-03 10:33:46.540491600+00:00,,2.39981E+13,1.75154E+18,,
1051,5,yhjj974,100,100,,100,168,FAIL_OVER_CAPACITY,2025-07-03 10:33:46.540491600+00:00,,2.39981E+13,1.75154E+18,,
1051,5,yhjj852,100,100,,100,169,FAIL_OVER_CAPACITY,2025-07-03 10:33:46.540491600+00:00,,2.39981E+13,1.75154E+18,,
1051,5,yhjj1013,100,100,,100,170,FAIL_OVER_CAPACITY,2025-07-03 10:33:46.540491600+00:00,,2.39981E+13,1.75154E+18,,
1051,5,yhjj825,100,100,,100,171,FAIL_OVER_CAPACITY,2025-07-03 10:33:46.540491600+00:00,,2.39981E+13,1.75154E+18,,
1051,5,yhjj972,100,100,,100,172,FAIL_OVER_CAPACITY,2025-07-03 10:33:46.540491600+00:00,,2.39981E+13,1.75154E+18,,
1051,5,yhjj886,100,100,,100,173,FAIL_OVER_CAPACITY,2025-07-03 10:33:46.543842800+00:00,,2.39981E+13,1.75154E+18,,
1051,5,yhjj952,100,100,,100,174,FAIL_OVER_CAPACITY,2025-07-03 10:33:46.543842800+00:00,,2.39981E+13,1.75154E+18,,
1051,5,yhjj907,100,100,,100,175,FAIL_OVER_CAPACITY,2025-07-03 10:33:46.543842800+00:00,,2.39981E+13,1.75154E+18,,
1051,5,yhjj939,100,100,,100,176,FAIL_OVER_CAPACITY,2025-07-03 10:33:46.543842800+00:00,,2.39981E+13,1.75154E+18,,
1051,5,yhjj917,100,100,,100,177,FAIL_OVER_CAPACITY,2025-07-03 10:33:46.543842800+00:00,,2.39981E+13,1.75154E+18,,
1051,5,yhjj828,100,100,,100,178,FAIL_OVER_CAPACITY,2025-07-03 10:33:46.543842800+00:00,,2.39981E+13,1.75154E+18,,
1051,5,yhjj997,100,100,,100,179,FAIL_OVER_CAPACITY,2025-07-03 10:33:46.544844100+00:00,,2.39981E+13,1.75154E+18,,
1051,5,yhjj941,100,100,,100,180,FAIL_OVER_CAPACITY,2025-07-03 10:33:46.544844100+00:00,,2.39981E+13,1.75154E+18,,
1051,5,yhjj845,100,100,,100,181,FAIL_OVER_CAPACITY,2025-07-03 10:33:46.544844100+00:00,,2.39981E+13,1.75154E+18,,
1051,5,yhjj981,100,100,,100,182,FAIL_OVER_CAPACITY,2025-07-03 10:33:46.545843600+00:00,,2.39981E+13,1.75154E+18,,
1051,5,yhjj979,100,100,,100,183,FAIL_OVER_CAPACITY,2025-07-03 10:33:46.545843600+00:00,,2.39981E+13,1.75154E+18,,
1051,5,yhjj879,100,100,,100,184,FAIL_OVER_CAPACITY,2025-07-03 10:33:46.545843600+00:00,,2.39981E+13,1.75154E+18,,
1051,5,yhjj1010,100,100,,100,185,FAIL_OVER_CAPACITY,2025-07-03 10:33:46.548844700+00:00,,2.39981E+13,1.75154E+18,,
1051,5,yhjj976,100,100,,100,186,FAIL_OVER_CAPACITY,2025-07-03 10:33:46.548844700+00:00,,2.39981E+13,1.75154E+18,,
1051,5,yhjj1005,100,100,,100,187,FAIL_OVER_CAPACITY,2025-07-03 10:33:46.548844700+00:00,,2.39981E+13,1.75154E+18,,
1051,5,yhjj971,100,100,,100,188,FAIL_OVER_CAPACITY,2025-07-03 10:33:46.548844700+00:00,,2.39981E+13,1.75154E+18,,
1051,5,yhjj987,100,100,,100,189,FAIL_OVER_CAPACITY,2025-07-03 10:33:46.549842800+00:00,,2.39981E+13,1.75154E+18,,
1051,5,yhjj915,100,100,,100,190,FAIL_OVER_CAPACITY,2025-07-03 10:33:46.549842800+00:00,,2.39981E+13,1.75154E+18,,
1051,5,yhjj926,100,100,,100,191,FAIL_OVER_CAPACITY,2025-07-03 10:33:46.549842800+00:00,,2.39981E+13,1.75154E+18,,
1051,5,yhjj916,100,100,,100,192,FAIL_OVER_CAPACITY,2025-07-03 10:33:46.549842800+00:00,,2.39981E+13,1.75154E+18,,
1051,5,yhjj856,100,100,,100,193,FAIL_OVER_CAPACITY,2025-07-03 10:33:46.549842800+00:00,,2.39981E+13,1.75154E+18,,
1051,5,yhjj865,100,100,,100,194,FAIL_OVER_CAPACITY,2025-07-03 10:33:46.549842800+00:00,,2.39981E+13,1.75154E+18,,
1051,5,yhjj913,100,100,,100,195,FAIL_OVER_CAPACITY,2025-07-03 10:33:46.549842800+00:00,,2.39981E+13,1.75154E+18,,
1051,5,yhjj969,100,100,,100,196,FAIL_OVER_CAPACITY,2025-07-03 10:33:46.549842800+00:00,,2.39981E+13,1.75154E+18,,
1051,5,yhjj831,100,100,,100,197,FAIL_OVER_CAPACITY,2025-07-03 10:33:46.549842800+00:00,,2.39981E+13,1.75154E+18,,
1051,5,yhjj932,100,100,,100,198,FAIL_OVER_CAPACITY,2025-07-03 10:33:46.549842800+00:00,,2.39981E+13,1.75154E+18,,
1051,5,yhjj998,100,100,,100,199,FAIL_OVER_CAPACITY,2025-07-03 10:33:46.550845900+00:00,,2.39981E+13,1.75154E+18,,
1051,5,yhjj827,100,100,,100,200,FAIL_OVER_CAPACITY,2025-07-03 10:33:46.550845900+00:00,,2.39981E+13,1.75154E+18,,
1053,6,yhjj836,1,2,2,100,1,SUCCESS,2025-07-03 10:35:51.690970600+00:00,2025-07-03T10:35:51.690970600Z,2.41232E+13,1.75154E+18,2.41232E+13,1.75E+18
1053,6,yhjj825,2,3,3,100,2,SUCCESS,2025-07-03 10:35:51.692977300+00:00,2025-07-03T10:35:51.692977300Z,2.41232E+13,1.75154E+18,2.41232E+13,1.75E+18
1053,6,yhjj910,3,4,4,100,3,SUCCESS,2025-07-03 10:35:51.703930900+00:00,2025-07-03T10:35:51.703930900Z,2.41233E+13,1.75154E+18,2.41233E+13,1.75E+18
1053,6,yhjj929,4,5,5,100,4,SUCCESS,2025-07-03 10:35:51.705935200+00:00,2025-07-03T10:35:51.705935200Z,2.41233E+13,1.75154E+18,2.41233E+13,1.75E+18
1053,6,yhjj977,5,6,6,100,5,SUCCESS,2025-07-03 10:35:51.711249900+00:00,2025-07-03T10:35:51.711249900Z,2.41233E+13,1.75154E+18,2.41233E+13,1.75E+18
1053,6,yhjj881,6,7,7,100,6,SUCCESS,2025-07-03 10:35:51.725359700+00:00,2025-07-03T10:35:51.726358600Z,2.41233E+13,1.75154E+18,2.41233E+13,1.75E+18
1053,6,yhjj835,7,8,8,100,7,SUCCESS,2025-07-03 10:35:51.728359700+00:00,2025-07-03T10:35:51.728359700Z,2.41233E+13,1.75154E+18,2.41233E+13,1.75E+18
1053,6,yhjj851,8,9,9,100,8,SUCCESS,2025-07-03 10:35:51.732405800+00:00,2025-07-03T10:35:51.732405800Z,2.41233E+13,1.75154E+18,2.41233E+13,1.75E+18
1053,6,yhjj918,9,10,10,100,9,SUCCESS,2025-07-03 10:35:51.737578400+00:00,2025-07-03T10:35:51.737578400Z,2.41233E+13,1.75154E+18,2.41233E+13,1.75E+18
1053,6,yhjj860,10,11,11,100,10,SUCCESS,2025-07-03 10:35:51.741782900+00:00,2025-07-03T10:35:51.741782900Z,2.41233E+13,1.75154E+18,2.41233E+13,1.75E+18
1053,6,yhjj927,11,12,12,100,11,SUCCESS,2025-07-03 10:35:51.745791+00:00,2025-07-03T10:35:51.745791Z,2.41233E+13,1.75154E+18,2.41233E+13,1.75E+18
1053,6,yhjj995,12,13,13,100,12,SUCCESS,2025-07-03 10:35:51.753033400+00:00,2025-07-03T10:35:51.753033400Z,2.41233E+13,1.75154E+18,2.41233E+13,1.75E+18
1053,6,yhjj921,13,14,14,100,13,SUCCESS,2025-07-03 10:35:51.753033400+00:00,2025-07-03T10:35:51.753033400Z,2.41233E+13,1.75154E+18,2.41233E+13,1.75E+18
1053,6,yhjj948,14,15,15,100,14,SUCCESS,2025-07-03 10:35:51.753033400+00:00,2025-07-03T10:35:51.753033400Z,2.41233E+13,1.75154E+18,2.41233E+13,1.75E+18
1053,6,yhjj821,15,16,16,100,15,SUCCESS,2025-07-03 10:35:51.753033400+00:00,2025-07-03T10:35:51.753033400Z,2.41233E+13,1.75154E+18,2.41233E+13,1.75E+18
1053,6,yhjj925,16,17,17,100,16,SUCCESS,2025-07-03 10:35:51.758033400+00:00,2025-07-03T10:35:51.758033400Z,2.41233E+13,1.75154E+18,2.41233E+13,1.75E+18
1053,6,yhjj966,17,18,18,100,17,SUCCESS,2025-07-03 10:35:51.759033800+00:00,2025-07-03T10:35:51.759033800Z,2.41233E+13,1.75154E+18,2.41233E+13,1.75E+18
1053,6,yhjj822,18,19,19,100,18,SUCCESS,2025-07-03 10:35:51.764105800+00:00,2025-07-03T10:35:51.764105800Z,2.41233E+13,1.75154E+18,2.41233E+13,1.75E+18
1053,6,yhjj1001,19,20,20,100,19,SUCCESS,2025-07-03 10:35:51.764105800+00:00,2025-07-03T10:35:51.764105800Z,2.41233E+13,1.75154E+18,2.41233E+13,1.75E+18
1053,6,yhjj951,20,21,21,100,20,SUCCESS,2025-07-03 10:35:51.767108400+00:00,2025-07-03T10:35:51.767108400Z,2.41233E+13,1.75154E+18,2.41233E+13,1.75E+18
1053,6,yhjj877,21,22,22,100,21,SUCCESS,2025-07-03 10:35:51.770106200+00:00,2025-07-03T10:35:51.770106200Z,2.41233E+13,1.75154E+18,2.41233E+13,1.75E+18
1053,6,yhjj962,22,23,23,100,22,SUCCESS,2025-07-03 10:35:51.771106400+00:00,2025-07-03T10:35:51.771106400Z,2.41233E+13,1.75154E+18,2.41233E+13,1.75E+18
1053,6,yhjj892,23,24,24,100,23,SUCCESS,2025-07-03 10:35:51.772566100+00:00,2025-07-03T10:35:51.772566100Z,2.41233E+13,1.75154E+18,2.41233E+13,1.75E+18
1053,6,yhjj943,24,25,25,100,24,SUCCESS,2025-07-03 10:35:51.773566200+00:00,2025-07-03T10:35:51.773566200Z,2.41233E+13,1.75154E+18,2.41233E+13,1.75E+18
1053,6,yhjj945,25,26,26,100,25,SUCCESS,2025-07-03 10:35:51.773566200+00:00,2025-07-03T10:35:51.773566200Z,2.41233E+13,1.75154E+18,2.41233E+13,1.75E+18
1053,6,yhjj1009,25,27,26,100,26,SUCCESS,2025-07-03 10:35:51.773566200+00:00,2025-07-03T10:35:51.773566200Z,2.41233E+13,1.75154E+18,2.41233E+13,1.75E+18
1053,6,yhjj944,27,28,28,100,27,SUCCESS,2025-07-03 10:35:51.775568200+00:00,2025-07-03T10:35:51.775568200Z,2.41233E+13,1.75154E+18,2.41233E+13,1.75E+18
1053,6,yhjj871,28,29,29,100,28,SUCCESS,2025-07-03 10:35:51.775568200+00:00,2025-07-03T10:35:51.776568500Z,2.41233E+13,1.75154E+18,2.41233E+13,1.75E+18
1053,6,yhjj920,29,30,30,100,29,SUCCESS,2025-07-03 10:35:51.776568500+00:00,2025-07-03T10:35:51.776568500Z,2.41233E+13,1.75154E+18,2.41233E+13,1.75E+18
1053,6,yhjj829,30,31,31,100,30,SUCCESS,2025-07-03 10:35:51.776568500+00:00,2025-07-03T10:35:51.776568500Z,2.41233E+13,1.75154E+18,2.41233E+13,1.75E+18
1053,6,yhjj973,31,32,32,100,31,SUCCESS,2025-07-03 10:35:51.776568500+00:00,2025-07-03T10:35:51.776568500Z,2.41233E+13,1.75154E+18,2.41233E+13,1.75E+18
1053,6,yhjj855,32,33,33,100,32,SUCCESS,2025-07-03 10:35:51.777567700+00:00,2025-07-03T10:35:51.777567700Z,2.41233E+13,1.75154E+18,2.41233E+13,1.75E+18
1053,6,yhjj946,33,34,34,100,33,SUCCESS,2025-07-03 10:35:51.777567700+00:00,2025-07-03T10:35:51.777567700Z,2.41233E+13,1.75154E+18,2.41233E+13,1.75E+18
1053,6,yhjj874,34,35,35,100,34,SUCCESS,2025-07-03 10:35:51.779567800+00:00,2025-07-03T10:35:51.779567800Z,2.41233E+13,1.75154E+18,2.41233E+13,1.75E+18
1053,6,yhjj916,35,36,36,100,35,SUCCESS,2025-07-03 10:35:51.781569500+00:00,2025-07-03T10:35:51.781569500Z,2.41233E+13,1.75154E+18,2.41233E+13,1.75E+18
1053,6,yhjj1011,36,37,37,100,36,SUCCESS,2025-07-03 10:35:51.782163800+00:00,2025-07-03T10:35:51.782163800Z,2.41233E+13,1.75154E+18,2.41233E+13,1.75E+18
1053,6,yhjj879,37,38,38,100,37,SUCCESS,2025-07-03 10:35:51.783171300+00:00,2025-07-03T10:35:51.783171300Z,2.41233E+13,1.75154E+18,2.41233E+13,1.75E+18
1053,6,yhjj1002,38,39,39,100,38,SUCCESS,2025-07-03 10:35:51.784172500+00:00,2025-07-03T10:35:51.784172500Z,2.41233E+13,1.75154E+18,2.41233E+13,1.75E+18
1053,6,yhjj906,39,40,40,100,39,SUCCESS,2025-07-03 10:35:51.784172500+00:00,2025-07-03T10:35:51.784172500Z,2.41233E+13,1.75154E+18,2.41233E+13,1.75E+18
1053,6,yhjj923,40,41,41,100,40,SUCCESS,2025-07-03 10:35:51.785171400+00:00,2025-07-03T10:35:51.785171400Z,2.41233E+13,1.75154E+18,2.41233E+13,1.75E+18
1053,7,yhjj866,41,42,42,100,41,SUCCESS,2025-07-03 10:35:51.785171400+00:00,2025-07-03T10:35:51.785171400Z,2.41233E+13,1.75154E+18,2.41233E+13,1.75E+18
1053,7,yhjj862,42,43,43,100,42,SUCCESS,2025-07-03 10:35:51.787173500+00:00,2025-07-03T10:35:51.787173500Z,2.41233E+13,1.75154E+18,2.41233E+13,1.75E+18
1053,7,yhjj989,43,44,44,100,43,SUCCESS,2025-07-03 10:35:51.791170+00:00,2025-07-03T10:35:51.791170Z,2.41233E+13,1.75154E+18,2.41233E+13,1.75E+18
1053,7,yhjj950,44,45,45,100,44,SUCCESS,2025-07-03 10:35:51.791170+00:00,2025-07-03T10:35:51.791170Z,2.41233E+13,1.75154E+18,2.41233E+13,1.75E+18
1053,7,yhjj889,45,46,46,100,45,SUCCESS,2025-07-03 10:35:51.792433600+00:00,2025-07-03T10:35:51.792433600Z,2.41233E+13,1.75154E+18,2.41233E+13,1.75E+18
1053,7,yhjj961,46,47,47,100,46,SUCCESS,2025-07-03 10:35:51.792433600+00:00,2025-07-03T10:35:51.793436700Z,2.41233E+13,1.75154E+18,2.41233E+13,1.75E+18
1053,7,yhjj891,47,48,48,100,47,SUCCESS,2025-07-03 10:35:51.793436700+00:00,2025-07-03T10:35:51.793436700Z,2.41233E+13,1.75154E+18,2.41233E+13,1.75E+18
1053,7,yhjj875,48,49,49,100,48,SUCCESS,2025-07-03 10:35:51.793436700+00:00,2025-07-03T10:35:51.793436700Z,2.41233E+13,1.75154E+18,2.41233E+13,1.75E+18
1053,7,yhjj854,49,50,50,100,49,SUCCESS,2025-07-03 10:35:51.793436700+00:00,2025-07-03T10:35:51.793436700Z,2.41233E+13,1.75154E+18,2.41233E+13,1.75E+18
1053,7,yhjj992,50,51,51,100,50,SUCCESS,2025-07-03 10:35:51.794437400+00:00,2025-07-03T10:35:51.794437400Z,2.41233E+13,1.75154E+18,2.41233E+13,1.75E+18
1053,7,yhjj909,51,52,52,100,51,SUCCESS,2025-07-03 10:35:51.794437400+00:00,2025-07-03T10:35:51.794437400Z,2.41233E+13,1.75154E+18,2.41233E+13,1.75E+18
1053,7,yhjj963,52,53,53,100,52,SUCCESS,2025-07-03 10:35:51.794437400+00:00,2025-07-03T10:35:51.794437400Z,2.41233E+13,1.75154E+18,2.41233E+13,1.75E+18
1053,7,yhjj827,53,54,54,100,53,SUCCESS,2025-07-03 10:35:51.795438800+00:00,2025-07-03T10:35:51.795438800Z,2.41233E+13,1.75154E+18,2.41233E+13,1.75E+18
1053,7,yhjj865,54,55,55,100,54,SUCCESS,2025-07-03 10:35:51.795438800+00:00,2025-07-03T10:35:51.795438800Z,2.41233E+13,1.75154E+18,2.41233E+13,1.75E+18
1053,7,yhjj841,53,56,54,100,55,SUCCESS,2025-07-03 10:35:51.795438800+00:00,2025-07-03T10:35:51.795438800Z,2.41233E+13,1.75154E+18,2.41233E+13,1.75E+18
1053,7,yhjj952,56,57,57,100,56,SUCCESS,2025-07-03 10:35:51.795438800+00:00,2025-07-03T10:35:51.796434300Z,2.41233E+13,1.75154E+18,2.41233E+13,1.75E+18
1053,7,yhjj873,57,58,58,100,57,SUCCESS,2025-07-03 10:35:51.796434300+00:00,2025-07-03T10:35:51.796434300Z,2.41233E+13,1.75154E+18,2.41233E+13,1.75E+18
1053,7,yhjj848,58,59,59,100,58,SUCCESS,2025-07-03 10:35:51.797434800+00:00,2025-07-03T10:35:51.797434800Z,2.41233E+13,1.75154E+18,2.41233E+13,1.75E+18
1053,7,yhjj953,58,60,59,100,59,SUCCESS,2025-07-03 10:35:51.797434800+00:00,2025-07-03T10:35:51.797434800Z,2.41233E+13,1.75154E+18,2.41233E+13,1.75E+18
1053,7,yhjj971,60,61,61,100,60,SUCCESS,2025-07-03 10:35:51.797434800+00:00,2025-07-03T10:35:51.797434800Z,2.41233E+13,1.75154E+18,2.41233E+13,1.75E+18
1053,7,yhjj839,61,62,62,100,61,SUCCESS,2025-07-03 10:35:51.798436400+00:00,2025-07-03T10:35:51.798436400Z,2.41233E+13,1.75154E+18,2.41233E+13,1.75E+18
1053,7,yhjj832,62,63,63,100,62,SUCCESS,2025-07-03 10:35:51.799437300+00:00,2025-07-03T10:35:51.799437300Z,2.41234E+13,1.75154E+18,2.41234E+13,1.75E+18
1053,7,yhjj970,63,64,64,100,63,SUCCESS,2025-07-03 10:35:51.799437300+00:00,2025-07-03T10:35:51.799437300Z,2.41234E+13,1.75154E+18,2.41234E+13,1.75E+18
1053,7,yhjj819,63,65,64,100,64,SUCCESS,2025-07-03 10:35:51.799437300+00:00,2025-07-03T10:35:51.799437300Z,2.41234E+13,1.75154E+18,2.41234E+13,1.75E+18
1053,7,yhjj878,65,66,66,100,65,SUCCESS,2025-07-03 10:35:51.800436100+00:00,2025-07-03T10:35:51.800436100Z,2.41234E+13,1.75154E+18,2.41234E+13,1.75E+18
1053,7,yhjj933,66,67,67,100,66,SUCCESS,2025-07-03 10:35:51.801354600+00:00,2025-07-03T10:35:51.802364800Z,2.41234E+13,1.75154E+18,2.41234E+13,1.75E+18
1053,7,yhjj901,66,68,67,100,67,SUCCESS,2025-07-03 10:35:51.801354600+00:00,2025-07-03T10:35:51.802364800Z,2.41234E+13,1.75154E+18,2.41234E+13,1.75E+18
1053,7,yhjj940,67,69,68,100,68,SUCCESS,2025-07-03 10:35:51.801354600+00:00,2025-07-03T10:35:51.802364800Z,2.41234E+13,1.75154E+18,2.41234E+13,1.75E+18
1053,7,yhjj1018,69,70,70,100,69,SUCCESS,2025-07-03 10:35:51.803367400+00:00,2025-07-03T10:35:51.803367400Z,2.41234E+13,1.75154E+18,2.41234E+13,1.75E+18
1053,7,yhjj959,70,71,71,100,70,SUCCESS,2025-07-03 10:35:51.803367400+00:00,2025-07-03T10:35:51.803367400Z,2.41234E+13,1.75154E+18,2.41234E+13,1.75E+18
1053,7,yhjj1004,71,72,72,100,71,SUCCESS,2025-07-03 10:35:51.804362600+00:00,2025-07-03T10:35:51.804362600Z,2.41234E+13,1.75154E+18,2.41234E+13,1.75E+18
1053,7,yhjj1014,72,73,73,100,72,SUCCESS,2025-07-03 10:35:51.804362600+00:00,2025-07-03T10:35:51.804362600Z,2.41234E+13,1.75154E+18,2.41234E+13,1.75E+18
1053,7,yhjj1010,73,74,74,100,73,SUCCESS,2025-07-03 10:35:51.805364200+00:00,2025-07-03T10:35:51.806363700Z,2.41234E+13,1.75154E+18,2.41234E+13,1.75E+18
1053,7,yhjj907,74,75,75,100,74,SUCCESS,2025-07-03 10:35:51.806363700+00:00,2025-07-03T10:35:51.806363700Z,2.41234E+13,1.75154E+18,2.41234E+13,1.75E+18
1053,7,yhjj986,75,78,76,100,75,SUCCESS,2025-07-03 10:35:51.806363700+00:00,2025-07-03T10:35:51.806363700Z,2.41234E+13,1.75154E+18,2.41234E+13,1.75E+18
1053,7,yhjj1008,75,76,76,100,76,SUCCESS,2025-07-03 10:35:51.806363700+00:00,2025-07-03T10:35:51.806363700Z,2.41234E+13,1.75154E+18,2.41234E+13,1.75E+18
1053,7,yhjj978,75,77,76,100,77,SUCCESS,2025-07-03 10:35:51.806363700+00:00,2025-07-03T10:35:51.807364200Z,2.41234E+13,1.75154E+18,2.41234E+13,1.75E+18
1053,7,yhjj850,78,79,79,100,78,SUCCESS,2025-07-03 10:35:51.806363700+00:00,2025-07-03T10:35:51.807364200Z,2.41234E+13,1.75154E+18,2.41234E+13,1.75E+18
1053,7,yhjj928,79,80,80,100,79,SUCCESS,2025-07-03 10:35:51.807364200+00:00,2025-07-03T10:35:51.807364200Z,2.41234E+13,1.75154E+18,2.41234E+13,1.75E+18
1053,7,yhjj888,80,81,81,100,80,SUCCESS,2025-07-03 10:35:51.807364200+00:00,2025-07-03T10:35:51.807364200Z,2.41234E+13,1.75154E+18,2.41234E+13,1.75E+18
1053,8,yhjj896,81,82,82,100,81,SUCCESS,2025-07-03 10:35:51.810363900+00:00,2025-07-03T10:35:51.810363900Z,2.41234E+13,1.75154E+18,2.41234E+13,1.75E+18
1053,8,yhjj857,82,83,83,100,82,SUCCESS,2025-07-03 10:35:51.810668+00:00,2025-07-03T10:35:51.810668Z,2.41234E+13,1.75154E+18,2.41234E+13,1.75E+18
1053,8,yhjj883,83,84,84,100,83,SUCCESS,2025-07-03 10:35:51.810668+00:00,2025-07-03T10:35:51.810668Z,2.41234E+13,1.75154E+18,2.41234E+13,1.75E+18
1053,8,yhjj864,84,85,85,100,84,SUCCESS,2025-07-03 10:35:51.810668+00:00,2025-07-03T10:35:51.810668Z,2.41234E+13,1.75154E+18,2.41234E+13,1.75E+18
1053,8,yhjj1017,85,86,86,100,85,SUCCESS,2025-07-03 10:35:51.810668+00:00,2025-07-03T10:35:51.810668Z,2.41234E+13,1.75154E+18,2.41234E+13,1.75E+18
1053,8,yhjj997,86,87,87,100,86,SUCCESS,2025-07-03 10:35:51.810668+00:00,2025-07-03T10:35:51.810668Z,2.41234E+13,1.75154E+18,2.41234E+13,1.75E+18
1053,8,yhjj902,85,91,86,100,87,SUCCESS,2025-07-03 10:35:51.810668+00:00,2025-07-03T10:35:51.812204400Z,2.41234E+13,1.75154E+18,2.41234E+13,1.75E+18
1053,8,yhjj900,87,88,88,100,88,SUCCESS,2025-07-03 10:35:51.812204400+00:00,2025-07-03T10:35:51.812204400Z,2.41234E+13,1.75154E+18,2.41234E+13,1.75E+18
1053,8,yhjj846,88,89,89,100,89,SUCCESS,2025-07-03 10:35:51.812204400+00:00,2025-07-03T10:35:51.812204400Z,2.41234E+13,1.75154E+18,2.41234E+13,1.75E+18
1053,8,yhjj882,89,90,90,100,90,SUCCESS,2025-07-03 10:35:51.812204400+00:00,2025-07-03T10:35:51.812204400Z,2.41234E+13,1.75154E+18,2.41234E+13,1.75E+18
1053,8,yhjj852,91,92,92,100,91,SUCCESS,2025-07-03 10:35:51.812204400+00:00,2025-07-03T10:35:51.812204400Z,2.41234E+13,1.75154E+18,2.41234E+13,1.75E+18
1053,8,yhjj867,92,93,93,100,92,SUCCESS,2025-07-03 10:35:51.813993800+00:00,2025-07-03T10:35:51.813993800Z,2.41234E+13,1.75154E+18,2.41234E+13,1.75E+18
1053,8,yhjj870,93,94,94,100,93,SUCCESS,2025-07-03 10:35:51.814383900+00:00,2025-07-03T10:35:51.814383900Z,2.41234E+13,1.75154E+18,2.41234E+13,1.75E+18
1053,8,yhjj1012,94,95,95,100,94,SUCCESS,2025-07-03 10:35:51.814383900+00:00,2025-07-03T10:35:51.814383900Z,2.41234E+13,1.75154E+18,2.41234E+13,1.75E+18
1053,8,yhjj974,95,96,96,100,95,SUCCESS,2025-07-03 10:35:51.815430300+00:00,2025-07-03T10:35:51.815430300Z,2.41234E+13,1.75154E+18,2.41234E+13,1.75E+18
1053,8,yhjj942,96,97,97,100,96,SUCCESS,2025-07-03 10:35:51.816438100+00:00,2025-07-03T10:35:51.816438100Z,2.41234E+13,1.75154E+18,2.41234E+13,1.75E+18
1053,8,yhjj919,97,98,98,100,97,SUCCESS,2025-07-03 10:35:51.816438100+00:00,2025-07-03T10:35:51.816438100Z,2.41234E+13,1.75154E+18,2.41234E+13,1.75E+18
1053,8,yhjj941,98,99,99,100,98,SUCCESS,2025-07-03 10:35:51.816438100+00:00,2025-07-03T10:35:51.816438100Z,2.41234E+13,1.75154E+18,2.41234E+13,1.75E+18
1053,8,yhjj934,98,100,99,100,99,SUCCESS,2025-07-03 10:35:51.816438100+00:00,2025-07-03T10:35:51.817439700Z,2.41234E+13,1.75154E+18,2.41234E+13,1.75E+18
1053,8,yhjj849,100,100,,100,100,FAIL_OVER_CAPACITY,2025-07-03 10:35:51.817439700+00:00,,2.41234E+13,1.75154E+18,,
1053,8,yhjj911,100,100,,100,101,FAIL_OVER_CAPACITY,2025-07-03 10:35:51.817439700+00:00,,2.41234E+13,1.75154E+18,,
1053,8,yhjj1005,100,100,,100,102,FAIL_OVER_CAPACITY,2025-07-03 10:35:51.818437800+00:00,,2.41234E+13,1.75154E+18,,
1053,8,yhjj863,100,100,,100,103,FAIL_OVER_CAPACITY,2025-07-03 10:35:51.819441100+00:00,,2.41234E+13,1.75154E+18,,
1053,8,yhjj947,100,100,,100,104,FAIL_OVER_CAPACITY,2025-07-03 10:35:51.820437400+00:00,,2.41234E+13,1.75154E+18,,
1053,8,yhjj979,100,100,,100,105,FAIL_OVER_CAPACITY,2025-07-03 10:35:51.820437400+00:00,,2.41234E+13,1.75154E+18,,
1053,8,yhjj899,100,100,,100,106,FAIL_OVER_CAPACITY,2025-07-03 10:35:51.820437400+00:00,,2.41234E+13,1.75154E+18,,
1053,8,yhjj938,100,100,,100,107,FAIL_OVER_CAPACITY,2025-07-03 10:35:51.822157400+00:00,,2.41234E+13,1.75154E+18,,
1053,8,yhjj847,100,100,,100,108,FAIL_OVER_CAPACITY,2025-07-03 10:35:51.822157400+00:00,,2.41234E+13,1.75154E+18,,
1053,8,yhjj842,100,100,,100,109,FAIL_OVER_CAPACITY,2025-07-03 10:35:51.823168300+00:00,,2.41234E+13,1.75154E+18,,
1053,8,yhjj1003,100,100,,100,110,FAIL_OVER_CAPACITY,2025-07-03 10:35:51.823168300+00:00,,2.41234E+13,1.75154E+18,,
1053,8,yhjj915,100,100,,100,111,FAIL_OVER_CAPACITY,2025-07-03 10:35:51.823168300+00:00,,2.41234E+13,1.75154E+18,,
1053,8,yhjj956,100,100,,100,112,FAIL_OVER_CAPACITY,2025-07-03 10:35:51.824165900+00:00,,2.41234E+13,1.75154E+18,,
1053,8,yhjj967,100,100,,100,113,FAIL_OVER_CAPACITY,2025-07-03 10:35:51.825166900+00:00,,2.41234E+13,1.75154E+18,,
1053,8,yhjj985,100,100,,100,114,FAIL_OVER_CAPACITY,2025-07-03 10:35:51.825166900+00:00,,2.41234E+13,1.75154E+18,,
1053,8,yhjj960,100,100,,100,115,FAIL_OVER_CAPACITY,2025-07-03 10:35:51.825166900+00:00,,2.41234E+13,1.75154E+18,,
1053,8,yhjj991,100,100,,100,116,FAIL_OVER_CAPACITY,2025-07-03 10:35:51.825166900+00:00,,2.41234E+13,1.75154E+18,,
1053,8,yhjj861,100,100,,100,117,FAIL_OVER_CAPACITY,2025-07-03 10:35:51.826167+00:00,,2.41234E+13,1.75154E+18,,
1053,8,yhjj1007,100,100,,100,118,FAIL_OVER_CAPACITY,2025-07-03 10:35:51.826167+00:00,,2.41234E+13,1.75154E+18,,
1053,8,yhjj905,100,100,,100,119,FAIL_OVER_CAPACITY,2025-07-03 10:35:51.826167+00:00,,2.41234E+13,1.75154E+18,,
1053,8,yhjj830,100,100,,100,120,FAIL_OVER_CAPACITY,2025-07-03 10:35:51.827168400+00:00,,2.41234E+13,1.75154E+18,,
1053,9,yhjj936,100,100,,100,121,FAIL_OVER_CAPACITY,2025-07-03 10:35:51.827168400+00:00,,2.41234E+13,1.75154E+18,,
1053,9,yhjj876,100,100,,100,122,FAIL_OVER_CAPACITY,2025-07-03 10:35:51.828167100+00:00,,2.41234E+13,1.75154E+18,,
1053,9,yhjj913,100,100,,100,123,FAIL_OVER_CAPACITY,2025-07-03 10:35:51.828167100+00:00,,2.41234E+13,1.75154E+18,,
1053,9,yhjj999,100,100,,100,124,FAIL_OVER_CAPACITY,2025-07-03 10:35:51.828167100+00:00,,2.41234E+13,1.75154E+18,,
1053,9,yhjj993,100,100,,100,125,FAIL_OVER_CAPACITY,2025-07-03 10:35:51.829167700+00:00,,2.41234E+13,1.75154E+18,,
1053,9,yhjj869,100,100,,100,126,FAIL_OVER_CAPACITY,2025-07-03 10:35:51.829167700+00:00,,2.41234E+13,1.75154E+18,,
1053,9,yhjj898,100,100,,100,127,FAIL_OVER_CAPACITY,2025-07-03 10:35:51.830167+00:00,,2.41234E+13,1.75154E+18,,
1053,9,yhjj1016,100,100,,100,128,FAIL_OVER_CAPACITY,2025-07-03 10:35:51.830167+00:00,,2.41234E+13,1.75154E+18,,
1053,9,yhjj833,100,100,,100,129,FAIL_OVER_CAPACITY,2025-07-03 10:35:51.831169300+00:00,,2.41234E+13,1.75154E+18,,
1053,9,yhjj931,100,100,,100,130,FAIL_OVER_CAPACITY,2025-07-03 10:35:51.831169300+00:00,,2.41234E+13,1.75154E+18,,
1053,9,yhjj897,100,100,,100,131,FAIL_OVER_CAPACITY,2025-07-03 10:35:51.831169300+00:00,,2.41234E+13,1.75154E+18,,
1053,9,yhjj828,100,100,,100,132,FAIL_OVER_CAPACITY,2025-07-03 10:35:51.831169300+00:00,,2.41234E+13,1.75154E+18,,
1053,9,yhjj939,100,100,,100,133,FAIL_OVER_CAPACITY,2025-07-03 10:35:51.833708200+00:00,,2.41234E+13,1.75154E+18,,
1053,9,yhjj937,100,100,,100,134,FAIL_OVER_CAPACITY,2025-07-03 10:35:51.833708200+00:00,,2.41234E+13,1.75154E+18,,
1053,9,yhjj820,100,100,,100,135,FAIL_OVER_CAPACITY,2025-07-03 10:35:51.834705400+00:00,,2.41234E+13,1.75154E+18,,
1053,9,yhjj976,100,100,,100,136,FAIL_OVER_CAPACITY,2025-07-03 10:35:51.834705400+00:00,,2.41234E+13,1.75154E+18,,
1053,9,yhjj957,100,100,,100,137,FAIL_OVER_CAPACITY,2025-07-03 10:35:51.834705400+00:00,,2.41234E+13,1.75154E+18,,
1053,9,yhjj965,100,100,,100,138,FAIL_OVER_CAPACITY,2025-07-03 10:35:51.835706100+00:00,,2.41234E+13,1.75154E+18,,
1053,9,yhjj893,100,100,,100,139,FAIL_OVER_CAPACITY,2025-07-03 10:35:51.835706100+00:00,,2.41234E+13,1.75154E+18,,
1053,9,yhjj890,100,100,,100,140,FAIL_OVER_CAPACITY,2025-07-03 10:35:51.836705900+00:00,,2.41234E+13,1.75154E+18,,
1053,9,yhjj838,100,100,,100,141,FAIL_OVER_CAPACITY,2025-07-03 10:35:51.836705900+00:00,,2.41234E+13,1.75154E+18,,
1053,9,yhjj872,100,100,,100,142,FAIL_OVER_CAPACITY,2025-07-03 10:35:51.836705900+00:00,,2.41234E+13,1.75154E+18,,
1053,9,yhjj983,100,100,,100,143,FAIL_OVER_CAPACITY,2025-07-03 10:35:51.836705900+00:00,,2.41234E+13,1.75154E+18,,
1053,9,yhjj998,100,100,,100,144,FAIL_OVER_CAPACITY,2025-07-03 10:35:51.837712500+00:00,,2.41234E+13,1.75154E+18,,
1053,9,yhjj958,100,100,,100,145,FAIL_OVER_CAPACITY,2025-07-03 10:35:51.837712500+00:00,,2.41234E+13,1.75154E+18,,
1053,9,yhjj988,100,100,,100,146,FAIL_OVER_CAPACITY,2025-07-03 10:35:51.837712500+00:00,,2.41234E+13,1.75154E+18,,
1053,9,yhjj980,100,100,,100,147,FAIL_OVER_CAPACITY,2025-07-03 10:35:51.838710500+00:00,,2.41234E+13,1.75154E+18,,
1053,9,yhjj955,100,100,,100,148,FAIL_OVER_CAPACITY,2025-07-03 10:35:51.838710500+00:00,,2.41234E+13,1.75154E+18,,
1053,9,yhjj917,100,100,,100,149,FAIL_OVER_CAPACITY,2025-07-03 10:35:51.839707700+00:00,,2.41234E+13,1.75154E+18,,
1053,9,yhjj856,100,100,,100,150,FAIL_OVER_CAPACITY,2025-07-03 10:35:51.839707700+00:00,,2.41234E+13,1.75154E+18,,
1053,9,yhjj1006,100,100,,100,151,FAIL_OVER_CAPACITY,2025-07-03 10:35:51.839707700+00:00,,2.41234E+13,1.75154E+18,,
1053,9,yhjj994,100,100,,100,152,FAIL_OVER_CAPACITY,2025-07-03 10:35:51.839707700+00:00,,2.41234E+13,1.75154E+18,,
1053,9,yhjj982,100,100,,100,153,FAIL_OVER_CAPACITY,2025-07-03 10:35:51.840706300+00:00,,2.41234E+13,1.75154E+18,,
1053,9,yhjj949,100,100,,100,154,FAIL_OVER_CAPACITY,2025-07-03 10:35:51.840706300+00:00,,2.41234E+13,1.75154E+18,,
1053,9,yhjj1015,100,100,,100,155,FAIL_OVER_CAPACITY,2025-07-03 10:35:51.840706300+00:00,,2.41234E+13,1.75154E+18,,
1053,9,yhjj904,100,100,,100,156,FAIL_OVER_CAPACITY,2025-07-03 10:35:51.842166200+00:00,,2.41234E+13,1.75154E+18,,
1053,9,yhjj975,100,100,,100,157,FAIL_OVER_CAPACITY,2025-07-03 10:35:51.842166200+00:00,,2.41234E+13,1.75154E+18,,
1053,9,yhjj969,100,100,,100,158,FAIL_OVER_CAPACITY,2025-07-03 10:35:51.843299+00:00,,2.41234E+13,1.75154E+18,,
1053,9,yhjj914,100,100,,100,159,FAIL_OVER_CAPACITY,2025-07-03 10:35:51.843299+00:00,,2.41234E+13,1.75154E+18,,
1053,9,yhjj843,100,100,,100,160,FAIL_OVER_CAPACITY,2025-07-03 10:35:51.843299+00:00,,2.41234E+13,1.75154E+18,,
1053,10,yhjj885,100,100,,100,161,FAIL_OVER_CAPACITY,2025-07-03 10:35:51.844300100+00:00,,2.41234E+13,1.75154E+18,,
1053,10,yhjj996,100,100,,100,162,FAIL_OVER_CAPACITY,2025-07-03 10:35:51.845300900+00:00,,2.41234E+13,1.75154E+18,,
1053,10,yhjj824,100,100,,100,163,FAIL_OVER_CAPACITY,2025-07-03 10:35:51.845300900+00:00,,2.41234E+13,1.75154E+18,,
1053,10,yhjj1000,100,100,,100,164,FAIL_OVER_CAPACITY,2025-07-03 10:35:51.845300900+00:00,,2.41234E+13,1.75154E+18,,
1053,10,yhjj972,100,100,,100,165,FAIL_OVER_CAPACITY,2025-07-03 10:35:51.845300900+00:00,,2.41234E+13,1.75154E+18,,
1053,10,yhjj868,100,100,,100,166,FAIL_OVER_CAPACITY,2025-07-03 10:35:51.846298900+00:00,,2.41234E+13,1.75154E+18,,
1053,10,yhjj926,100,100,,100,167,FAIL_OVER_CAPACITY,2025-07-03 10:35:51.846298900+00:00,,2.41234E+13,1.75154E+18,,
1053,10,yhjj853,100,100,,100,168,FAIL_OVER_CAPACITY,2025-07-03 10:35:51.846298900+00:00,,2.41234E+13,1.75154E+18,,
1053,10,yhjj987,100,100,,100,169,FAIL_OVER_CAPACITY,2025-07-03 10:35:51.847300700+00:00,,2.41234E+13,1.75154E+18,,
1053,10,yhjj895,100,100,,100,170,FAIL_OVER_CAPACITY,2025-07-03 10:35:51.847300700+00:00,,2.41234E+13,1.75154E+18,,
1053,10,yhjj924,100,100,,100,171,FAIL_OVER_CAPACITY,2025-07-03 10:35:51.847300700+00:00,,2.41234E+13,1.75154E+18,,
1053,10,yhjj984,100,100,,100,172,FAIL_OVER_CAPACITY,2025-07-03 10:35:51.849301400+00:00,,2.41234E+13,1.75154E+18,,
1053,10,yhjj884,100,100,,100,173,FAIL_OVER_CAPACITY,2025-07-03 10:35:51.849301400+00:00,,2.41234E+13,1.75154E+18,,
1053,10,yhjj930,100,100,,100,174,FAIL_OVER_CAPACITY,2025-07-03 10:35:51.849301400+00:00,,2.41234E+13,1.75154E+18,,
1053,10,yhjj837,100,100,,100,175,FAIL_OVER_CAPACITY,2025-07-03 10:35:51.849301400+00:00,,2.41234E+13,1.75154E+18,,
1053,10,yhjj834,100,100,,100,176,FAIL_OVER_CAPACITY,2025-07-03 10:35:51.849301400+00:00,,2.41234E+13,1.75154E+18,,
1053,10,yhjj1013,100,100,,100,177,FAIL_OVER_CAPACITY,2025-07-03 10:35:51.850299100+00:00,,2.41234E+13,1.75154E+18,,
1053,10,yhjj903,100,100,,100,178,FAIL_OVER_CAPACITY,2025-07-03 10:35:51.851298500+00:00,,2.41234E+13,1.75154E+18,,
1053,10,yhjj858,100,100,,100,179,FAIL_OVER_CAPACITY,2025-07-03 10:35:51.851298500+00:00,,2.41234E+13,1.75154E+18,,
1053,10,yhjj932,100,100,,100,180,FAIL_OVER_CAPACITY,2025-07-03 10:35:51.852850100+00:00,,2.41234E+13,1.75154E+18,,
1053,10,yhjj990,100,100,,100,181,FAIL_OVER_CAPACITY,2025-07-03 10:35:51.853194600+00:00,,2.41234E+13,1.75154E+18,,
1053,10,yhjj845,100,100,,100,182,FAIL_OVER_CAPACITY,2025-07-03 10:35:51.853194600+00:00,,2.41234E+13,1.75154E+18,,
1053,10,yhjj954,100,100,,100,183,FAIL_OVER_CAPACITY,2025-07-03 10:35:51.853194600+00:00,,2.41234E+13,1.75154E+18,,
1053,10,yhjj887,100,100,,100,184,FAIL_OVER_CAPACITY,2025-07-03 10:35:51.853194600+00:00,,2.41234E+13,1.75154E+18,,
1053,10,yhjj880,100,100,,100,185,FAIL_OVER_CAPACITY,2025-07-03 10:35:51.853194600+00:00,,2.41234E+13,1.75154E+18,,
1053,10,yhjj859,100,100,,100,186,FAIL_OVER_CAPACITY,2025-07-03 10:35:51.853194600+00:00,,2.41234E+13,1.75154E+18,,
1053,10,yhjj964,100,100,,100,187,FAIL_OVER_CAPACITY,2025-07-03 10:35:51.854192600+00:00,,2.41234E+13,1.75154E+18,,
1053,10,yhjj968,100,100,,100,188,FAIL_OVER_CAPACITY,2025-07-03 10:35:51.854192600+00:00,,2.41234E+13,1.75154E+18,,
1053,10,yhjj894,100,100,,100,189,FAIL_OVER_CAPACITY,2025-07-03 10:35:51.854192600+00:00,,2.41234E+13,1.75154E+18,,
1053,10,yhjj844,100,100,,100,190,FAIL_OVER_CAPACITY,2025-07-03 10:35:51.854192600+00:00,,2.41234E+13,1.75154E+18,,
1053,10,yhjj912,100,100,,100,191,FAIL_OVER_CAPACITY,2025-07-03 10:35:51.854192600+00:00,,2.41234E+13,1.75154E+18,,
1053,10,yhjj886,100,100,,100,192,FAIL_OVER_CAPACITY,2025-07-03 10:35:51.854192600+00:00,,2.41234E+13,1.75154E+18,,
1053,10,yhjj826,100,100,,100,193,FAIL_OVER_CAPACITY,2025-07-03 10:35:51.854192600+00:00,,2.41234E+13,1.75154E+18,,
1053,10,yhjj831,100,100,,100,194,FAIL_OVER_CAPACITY,2025-07-03 10:35:51.854192600+00:00,,2.41234E+13,1.75154E+18,,
1053,10,yhjj981,100,100,,100,195,FAIL_OVER_CAPACITY,2025-07-03 10:35:51.854192600+00:00,,2.41234E+13,1.75154E+18,,
1053,10,yhjj823,100,100,,100,196,FAIL_OVER_CAPACITY,2025-07-03 10:35:51.855200100+00:00,,2.41234E+13,1.75154E+18,,
1053,10,yhjj840,100,100,,100,197,FAIL_OVER_CAPACITY,2025-07-03 10:35:51.855200100+00:00,,2.41234E+13,1.75154E+18,,
1053,10,yhjj935,100,100,,100,198,FAIL_OVER_CAPACITY,2025-07-03 10:35:51.855200100+00:00,,2.41234E+13,1.75154E+18,,
1053,10,yhjj908,100,100,,100,199,FAIL_OVER_CAPACITY,2025-07-03 10:35:51.856201300+00:00,,2.41234E+13,1.75154E+18,,
1053,10,yhjj922,100,100,,100,200,FAIL_OVER_CAPACITY,2025-07-03 10:35:51.858202500+00:00,,2.41234E+13,1.75154E+18,,
