roomNumber,bin,room_entry_sequence,user_id,prev_people,expected_people,curr_people,lost_update_diff
1181,1,1,yhjj831,1,2,2,0
1181,1,2,yhjj824,2,3,3,0
1181,1,3,yhjj856,3,4,4,0
1181,1,4,yhjj819,4,5,5,0
1181,1,5,yhjj820,5,6,6,0
1181,1,6,yhjj887,6,7,7,0
1181,1,7,yhjj875,7,8,8,0
1181,1,8,yhjj878,8,9,9,0
1181,1,9,yhjj879,9,10,10,0
1181,1,10,yhjj829,10,11,11,0
1181,1,11,yhjj993,11,12,12,0
1181,1,12,yhjj832,12,13,13,0
1181,1,13,yhjj864,13,14,14,0
1181,1,14,yhjj854,14,15,15,0
1181,1,15,yhjj846,15,16,16,0
1181,1,16,yhjj874,16,17,17,0
1181,1,17,yhjj996,17,18,18,0
1181,1,18,yhjj869,18,19,19,0
1181,1,19,yhjj880,19,20,20,0
1181,1,20,yhjj976,20,21,21,0
1181,2,21,yhjj821,21,22,22,0
1181,2,22,yhjj900,22,23,23,0
1181,2,23,yhjj845,23,24,24,0
1181,2,24,yhjj838,24,25,25,0
1181,2,25,yhjj1009,25,26,26,0
1181,2,26,yhjj833,26,27,27,0
1181,2,27,yhjj826,27,28,28,0
1181,2,28,yhjj822,28,29,29,0
1181,2,29,yhjj1008,29,30,30,0
1181,2,30,yhjj1011,30,31,31,0
1181,2,31,yhjj859,31,32,32,0
1181,2,32,yhjj825,32,33,33,0
1181,2,33,yhjj932,33,34,34,0
1181,2,34,yhjj901,34,35,35,0
1181,2,35,yhjj860,35,36,36,0
1181,2,36,yhjj861,36,37,37,0
1181,2,37,yhjj921,37,38,38,0
1181,2,38,yhjj915,38,39,39,0
1181,2,39,yhjj823,39,40,40,0
1181,2,40,yhjj890,40,41,41,0
1181,3,41,yhjj934,41,42,42,0
1181,3,42,yhjj830,42,43,43,0
1181,3,43,yhjj1016,43,44,44,0
1181,3,44,yhjj892,44,45,45,0
1181,3,45,yhjj862,45,46,46,0
1181,3,46,yhjj906,46,47,47,0
1181,3,47,yhjj844,47,48,48,0
1181,3,48,yhjj941,48,49,49,0
1181,3,49,yhjj849,49,50,50,0
1181,3,50,yhjj918,50,51,51,0
1181,3,51,yhjj841,51,52,52,0
1181,3,52,yhjj847,52,53,53,0
1181,3,53,yhjj902,53,54,54,0
1181,3,54,yhjj928,54,55,55,0
1181,3,55,yhjj852,55,56,56,0
1181,3,56,yhjj873,56,57,57,0
1181,3,57,yhjj842,57,58,58,0
1181,3,58,yhjj848,58,59,59,0
1181,3,59,yhjj885,59,60,60,0
1181,3,60,yhjj840,60,61,61,0
1181,4,61,yhjj926,61,62,62,0
1181,4,62,yhjj837,62,63,63,0
1181,4,63,yhjj889,63,64,64,0
1181,4,64,yhjj858,64,65,65,0
1181,4,65,yhjj827,65,66,66,0
1181,4,66,yhjj877,66,67,67,0
1181,4,67,yhjj876,67,68,68,0
1181,4,68,yhjj835,68,69,69,0
1181,4,69,yhjj872,69,70,70,0
1181,4,70,yhjj994,70,71,71,0
1181,4,71,yhjj857,71,72,72,0
1181,4,72,yhjj895,72,73,73,0
1181,4,73,yhjj1005,73,74,74,0
1181,4,74,yhjj982,74,75,75,0
1181,4,75,yhjj828,75,76,76,0
1181,4,76,yhjj923,76,77,77,0
1181,4,77,yhjj912,77,78,78,0
1181,4,78,yhjj866,78,79,79,0
1181,4,79,yhjj834,79,80,80,0
1181,4,80,yhjj868,80,81,81,0
1181,5,81,yhjj922,81,82,82,0
1181,5,82,yhjj904,82,83,83,0
1181,5,83,yhjj853,83,84,84,0
1181,5,84,yhjj870,84,85,85,0
1181,5,85,yhjj919,85,86,86,0
1181,5,86,yhjj855,86,87,87,0
1181,5,87,yhjj888,87,88,88,0
1181,5,88,yhjj886,88,89,89,0
1181,5,89,yhjj955,89,90,90,0
1181,5,90,yhjj903,90,91,91,0
1181,5,91,yhjj881,91,92,92,0
1181,5,92,yhjj843,92,93,93,0
1181,5,93,yhjj850,93,94,94,0
1181,5,94,yhjj963,94,95,95,0
1181,5,95,yhjj913,95,96,96,0
1181,5,96,yhjj910,96,97,97,0
1181,5,97,yhjj916,97,98,98,0
1181,5,98,yhjj1003,98,99,99,0
1181,5,99,yhjj883,99,100,100,0
1181,5,100,yhjj908,100,,100,0
1181,6,101,yhjj839,100,,100,0
1181,6,102,yhjj961,100,,100,0
1181,6,103,yhjj942,100,,100,0
1181,6,104,yhjj925,100,,100,0
1181,6,105,yhjj970,100,,100,0
1181,6,106,yhjj945,100,,100,0
1181,6,107,yhjj953,100,,100,0
1181,6,108,yhjj946,100,,100,0
1181,6,109,yhjj1007,100,,100,0
1181,6,110,yhjj959,100,,100,0
1181,6,111,yhjj917,100,,100,0
1181,6,112,yhjj944,100,,100,0
1181,6,113,yhjj1013,100,,100,0
1181,6,114,yhjj998,100,,100,0
1181,6,115,yhjj930,100,,100,0
1181,6,116,yhjj964,100,,100,0
1181,6,117,yhjj933,100,,100,0
1181,6,118,yhjj992,100,,100,0
1181,6,119,yhjj956,100,,100,0
1181,6,120,yhjj1004,100,,100,0
1181,7,121,yhjj962,100,,100,0
1181,7,122,yhjj935,100,,100,0
1181,7,123,yhjj894,100,,100,0
1181,7,124,yhjj927,100,,100,0
1181,7,125,yhjj920,100,,100,0
1181,7,126,yhjj960,100,,100,0
1181,7,127,yhjj984,100,,100,0
1181,7,128,yhjj977,100,,100,0
1181,7,129,yhjj865,100,,100,0
1181,7,130,yhjj907,100,,100,0
1181,7,131,yhjj987,100,,100,0
1181,7,132,yhjj871,100,,100,0
1181,7,133,yhjj995,100,,100,0
1181,7,134,yhjj938,100,,100,0
1181,7,135,yhjj975,100,,100,0
1181,7,136,yhjj988,100,,100,0
1181,7,137,yhjj939,100,,100,0
1181,7,138,yhjj943,100,,100,0
1181,7,139,yhjj909,100,,100,0
1181,7,140,yhjj980,100,,100,0
1181,8,141,yhjj999,100,,100,0
1181,8,142,yhjj924,100,,100,0
1181,8,143,yhjj851,100,,100,0
1181,8,144,yhjj1006,100,,100,0
1181,8,145,yhjj957,100,,100,0
1181,8,146,yhjj973,100,,100,0
1181,8,147,yhjj969,100,,100,0
1181,8,148,yhjj985,100,,100,0
1181,8,149,yhjj897,100,,100,0
1181,8,150,yhjj898,100,,100,0
1181,8,151,yhjj978,100,,100,0
1181,8,152,yhjj958,100,,100,0
1181,8,153,yhjj991,100,,100,0
1181,8,154,yhjj968,100,,100,0
1181,8,155,yhjj1015,100,,100,0
1181,8,156,yhjj949,100,,100,0
1181,8,157,yhjj979,100,,100,0
1181,8,158,yhjj914,100,,100,0
1181,8,159,yhjj986,100,,100,0
1181,8,160,yhjj974,100,,100,0
1181,9,161,yhjj981,100,,100,0
1181,9,162,yhjj971,100,,100,0
1181,9,163,yhjj896,100,,100,0
1181,9,164,yhjj965,100,,100,0
1181,9,165,yhjj931,100,,100,0
1181,9,166,yhjj990,100,,100,0
1181,9,167,yhjj1012,100,,100,0
1181,9,168,yhjj882,100,,100,0
1181,9,169,yhjj863,100,,100,0
1181,9,170,yhjj911,100,,100,0
1181,9,171,yhjj1001,100,,100,0
1181,9,172,yhjj1010,100,,100,0
1181,9,173,yhjj884,100,,100,0
1181,9,174,yhjj891,100,,100,0
1181,9,175,yhjj937,100,,100,0
1181,9,176,yhjj948,100,,100,0
1181,9,177,yhjj997,100,,100,0
1181,9,178,yhjj950,100,,100,0
1181,9,179,yhjj1014,100,,100,0
1181,9,180,yhjj952,100,,100,0
1181,10,181,yhjj929,100,,100,0
1181,10,182,yhjj983,100,,100,0
1181,10,183,yhjj951,100,,100,0
1181,10,184,yhjj867,100,,100,0
1181,10,185,yhjj1018,100,,100,0
1181,10,186,yhjj954,100,,100,0
1181,10,187,yhjj936,100,,100,0
1181,10,188,yhjj899,100,,100,0
1181,10,189,yhjj966,100,,100,0
1181,10,190,yhjj972,100,,100,0
1181,10,191,yhjj947,100,,100,0
1181,10,192,yhjj967,100,,100,0
1181,10,193,yhjj893,100,,100,0
1181,10,194,yhjj836,100,,100,0
1181,10,195,yhjj989,100,,100,0
1181,10,196,yhjj905,100,,100,0
1181,10,197,yhjj940,100,,100,0
1181,10,198,yhjj1000,100,,100,0
1181,10,199,yhjj1002,100,,100,0
1181,10,200,yhjj1017,100,,100,0
1182,1,1,yhjj819,1,2,2,0
1182,1,2,yhjj858,2,3,3,0
1182,1,3,yhjj838,3,4,4,0
1182,1,4,yhjj835,4,5,5,0
1182,1,5,yhjj842,5,6,6,0
1182,1,6,yhjj870,6,7,7,0
1182,1,7,yhjj821,7,8,8,0
1182,1,8,yhjj856,8,9,9,0
1182,1,9,yhjj877,9,10,10,0
1182,1,10,yhjj902,10,11,11,0
1182,1,11,yhjj849,11,12,12,0
1182,1,12,yhjj825,12,13,13,0
1182,1,13,yhjj888,13,14,14,0
1182,1,14,yhjj854,14,15,15,0
1182,1,15,yhjj895,15,16,16,0
1182,1,16,yhjj851,16,17,17,0
1182,1,17,yhjj824,17,18,18,0
1182,1,18,yhjj847,18,19,19,0
1182,1,19,yhjj878,19,20,20,0
1182,1,20,yhjj832,20,21,21,0
1182,2,21,yhjj833,21,22,22,0
1182,2,22,yhjj840,22,23,23,0
1182,2,23,yhjj922,23,24,24,0
1182,2,24,yhjj857,24,25,25,0
1182,2,25,yhjj923,25,26,26,0
1182,2,26,yhjj848,26,27,27,0
1182,2,27,yhjj859,27,28,28,0
1182,2,28,yhjj874,28,29,29,0
1182,2,29,yhjj836,29,30,30,0
1182,2,30,yhjj822,30,31,31,0
1182,2,31,yhjj943,31,32,32,0
1182,2,32,yhjj889,32,33,33,0
1182,2,33,yhjj860,33,34,34,0
1182,2,34,yhjj890,34,35,35,0
1182,2,35,yhjj826,35,36,36,0
1182,2,36,yhjj1015,36,37,37,0
1182,2,37,yhjj862,37,38,38,0
1182,2,38,yhjj883,38,39,39,0
1182,2,39,yhjj964,39,40,40,0
1182,2,40,yhjj927,40,41,41,0
1182,3,41,yhjj880,41,42,42,0
1182,3,42,yhjj827,42,43,43,0
1182,3,43,yhjj947,43,44,44,0
1182,3,44,yhjj892,44,45,45,0
1182,3,45,yhjj843,45,46,46,0
1182,3,46,yhjj901,46,47,47,0
1182,3,47,yhjj928,47,48,48,0
1182,3,48,yhjj823,48,49,49,0
1182,3,49,yhjj864,49,50,50,0
1182,3,50,yhjj976,50,51,51,0
1182,3,51,yhjj879,51,52,52,0
1182,3,52,yhjj979,52,53,53,0
1182,3,53,yhjj845,53,54,54,0
1182,3,54,yhjj869,54,55,55,0
1182,3,55,yhjj978,55,56,56,0
1182,3,56,yhjj904,56,57,57,0
1182,3,57,yhjj970,57,58,58,0
1182,3,58,yhjj876,58,59,59,0
1182,3,59,yhjj898,59,60,60,0
1182,3,60,yhjj839,60,61,61,0
1182,4,61,yhjj896,61,62,62,0
1182,4,62,yhjj998,62,63,63,0
1182,4,63,yhjj855,63,64,64,0
1182,4,64,yhjj912,64,65,65,0
1182,4,65,yhjj915,65,66,66,0
1182,4,66,yhjj1017,66,67,67,0
1182,4,67,yhjj830,67,68,68,0
1182,4,68,yhjj866,68,69,69,0
1182,4,69,yhjj1004,69,70,70,0
1182,4,70,yhjj952,70,71,71,0
1182,4,71,yhjj1014,71,72,72,0
1182,4,72,yhjj941,72,73,73,0
1182,4,73,yhjj853,73,74,74,0
1182,4,74,yhjj926,74,75,75,0
1182,4,75,yhjj905,75,76,76,0
1182,4,76,yhjj831,76,77,77,0
1182,4,77,yhjj829,77,78,78,0
1182,4,78,yhjj925,78,79,79,0
1182,4,79,yhjj1013,79,80,80,0
1182,4,80,yhjj882,80,81,81,0
1182,5,81,yhjj900,81,82,82,0
1182,5,82,yhjj969,82,83,83,0
1182,5,83,yhjj820,83,84,84,0
1182,5,84,yhjj985,84,85,85,0
1182,5,85,yhjj887,85,86,86,0
1182,5,86,yhjj967,86,87,87,0
1182,5,87,yhjj844,87,88,88,0
1182,5,88,yhjj873,88,89,89,0
1182,5,89,yhjj987,89,90,90,0
1182,5,90,yhjj910,90,91,91,0
1182,5,91,yhjj909,91,92,92,0
1182,5,92,yhjj863,92,93,93,0
1182,5,93,yhjj959,93,94,94,0
1182,5,94,yhjj981,94,95,95,0
1182,5,95,yhjj939,95,96,96,0
1182,5,96,yhjj961,96,97,97,0
1182,5,97,yhjj1005,97,98,98,0
1182,5,98,yhjj929,98,99,99,0
1182,5,99,yhjj834,99,100,100,0
1182,5,100,yhjj990,100,,100,0
1182,6,101,yhjj841,100,,100,0
1182,6,102,yhjj921,100,,100,0
1182,6,103,yhjj861,100,,100,0
1182,6,104,yhjj868,100,,100,0
1182,6,105,yhjj988,100,,100,0
1182,6,106,yhjj899,100,,100,0
1182,6,107,yhjj966,100,,100,0
1182,6,108,yhjj953,100,,100,0
1182,6,109,yhjj906,100,,100,0
1182,6,110,yhjj949,100,,100,0
1182,6,111,yhjj974,100,,100,0
1182,6,112,yhjj930,100,,100,0
1182,6,113,yhjj903,100,,100,0
1182,6,114,yhjj933,100,,100,0
1182,6,115,yhjj852,100,,100,0
1182,6,116,yhjj994,100,,100,0
1182,6,117,yhjj975,100,,100,0
1182,6,118,yhjj948,100,,100,0
1182,6,119,yhjj837,100,,100,0
1182,6,120,yhjj973,100,,100,0
1182,7,121,yhjj924,100,,100,0
1182,7,122,yhjj1011,100,,100,0
1182,7,123,yhjj872,100,,100,0
1182,7,124,yhjj893,100,,100,0
1182,7,125,yhjj931,100,,100,0
1182,7,126,yhjj885,100,,100,0
1182,7,127,yhjj960,100,,100,0
1182,7,128,yhjj950,100,,100,0
1182,7,129,yhjj920,100,,100,0
1182,7,130,yhjj991,100,,100,0
1182,7,131,yhjj965,100,,100,0
1182,7,132,yhjj940,100,,100,0
1182,7,133,yhjj955,100,,100,0
1182,7,134,yhjj865,100,,100,0
1182,7,135,yhjj946,100,,100,0
1182,7,136,yhjj907,100,,100,0
1182,7,137,yhjj897,100,,100,0
1182,7,138,yhjj934,100,,100,0
1182,7,139,yhjj936,100,,100,0
1182,7,140,yhjj935,100,,100,0
1182,8,141,yhjj894,100,,100,0
1182,8,142,yhjj971,100,,100,0
1182,8,143,yhjj942,100,,100,0
1182,8,144,yhjj919,100,,100,0
1182,8,145,yhjj1009,100,,100,0
1182,8,146,yhjj914,100,,100,0
1182,8,147,yhjj984,100,,100,0
1182,8,148,yhjj886,100,,100,0
1182,8,149,yhjj995,100,,100,0
1182,8,150,yhjj916,100,,100,0
1182,8,151,yhjj913,100,,100,0
1182,8,152,yhjj945,100,,100,0
1182,8,153,yhjj962,100,,100,0
1182,8,154,yhjj980,100,,100,0
1182,8,155,yhjj1003,100,,100,0
1182,8,156,yhjj828,100,,100,0
1182,8,157,yhjj1007,100,,100,0
1182,8,158,yhjj917,100,,100,0
1182,8,159,yhjj932,100,,100,0
1182,8,160,yhjj997,100,,100,0
1182,9,161,yhjj958,100,,100,0
1182,9,162,yhjj982,100,,100,0
1182,9,163,yhjj977,100,,100,0
1182,9,164,yhjj957,100,,100,0
1182,9,165,yhjj1006,100,,100,0
1182,9,166,yhjj999,100,,100,0
1182,9,167,yhjj954,100,,100,0
1182,9,168,yhjj850,100,,100,0
1182,9,169,yhjj944,100,,100,0
1182,9,170,yhjj1002,100,,100,0
1182,9,171,yhjj871,100,,100,0
1182,9,172,yhjj1000,100,,100,0
1182,9,173,yhjj1016,100,,100,0
1182,9,174,yhjj992,100,,100,0
1182,9,175,yhjj956,100,,100,0
1182,9,176,yhjj983,100,,100,0
1182,9,177,yhjj968,100,,100,0
1182,9,178,yhjj881,100,,100,0
1182,9,179,yhjj951,100,,100,0
1182,9,180,yhjj993,100,,100,0
1182,10,181,yhjj846,100,,100,0
1182,10,182,yhjj989,100,,100,0
1182,10,183,yhjj1012,100,,100,0
1182,10,184,yhjj937,100,,100,0
1182,10,185,yhjj891,100,,100,0
1182,10,186,yhjj867,100,,100,0
1182,10,187,yhjj972,100,,100,0
1182,10,188,yhjj996,100,,100,0
1182,10,189,yhjj918,100,,100,0
1182,10,190,yhjj875,100,,100,0
1182,10,191,yhjj911,100,,100,0
1182,10,192,yhjj908,100,,100,0
1182,10,193,yhjj884,100,,100,0
1182,10,194,yhjj1008,100,,100,0
1182,10,195,yhjj1001,100,,100,0
1182,10,196,yhjj938,100,,100,0
1182,10,197,yhjj1010,100,,100,0
1182,10,198,yhjj986,100,,100,0
1182,10,199,yhjj963,100,,100,0
1182,10,200,yhjj1018,100,,100,0
1183,1,1,yhjj819,1,2,2,0
1183,1,2,yhjj849,2,3,3,0
1183,1,3,yhjj875,3,4,4,0
1183,1,4,yhjj833,4,5,5,0
1183,1,5,yhjj836,5,6,6,0
1183,1,6,yhjj841,6,7,7,0
1183,1,7,yhjj907,7,8,8,0
1183,1,8,yhjj927,8,9,9,0
1183,1,9,yhjj850,9,10,10,0
1183,1,10,yhjj846,10,11,11,0
1183,1,11,yhjj842,11,12,12,0
1183,1,12,yhjj851,12,13,13,0
1183,1,13,yhjj845,13,14,14,0
1183,1,14,yhjj864,14,15,15,0
1183,1,15,yhjj854,15,16,16,0
1183,1,16,yhjj876,16,17,17,0
1183,1,17,yhjj989,17,18,18,0
1183,1,18,yhjj923,18,19,19,0
1183,1,19,yhjj832,19,20,20,0
1183,1,20,yhjj1005,20,21,21,0
1183,2,21,yhjj844,21,22,22,0
1183,2,22,yhjj847,22,23,23,0
1183,2,23,yhjj866,23,24,24,0
1183,2,24,yhjj831,24,25,25,0
1183,2,25,yhjj905,25,26,26,0
1183,2,26,yhjj945,26,27,27,0
1183,2,27,yhjj938,27,28,28,0
1183,2,28,yhjj824,28,29,29,0
1183,2,29,yhjj829,29,30,30,0
1183,2,30,yhjj1010,30,31,31,0
1183,2,31,yhjj867,31,32,32,0
1183,2,32,yhjj895,32,33,33,0
1183,2,33,yhjj884,33,34,34,0
1183,2,34,yhjj823,34,35,35,0
1183,2,35,yhjj999,35,36,36,0
1183,2,36,yhjj925,36,37,37,0
1183,2,37,yhjj926,37,38,38,0
1183,2,38,yhjj862,38,39,39,0
1183,2,39,yhjj879,39,40,40,0
1183,2,40,yhjj1001,40,41,41,0
1183,3,41,yhjj827,41,42,42,0
1183,3,42,yhjj878,42,43,43,0
1183,3,43,yhjj935,43,44,44,0
1183,3,44,yhjj853,44,45,45,0
1183,3,45,yhjj837,45,46,46,0
1183,3,46,yhjj985,46,47,47,0
1183,3,47,yhjj860,47,48,48,0
1183,3,48,yhjj922,48,49,49,0
1183,3,49,yhjj928,49,50,50,0
1183,3,50,yhjj997,50,51,51,0
1183,3,51,yhjj892,51,52,52,0
1183,3,52,yhjj915,52,53,53,0
1183,3,53,yhjj861,53,54,54,0
1183,3,54,yhjj916,54,55,55,0
1183,3,55,yhjj874,55,56,56,0
1183,3,56,yhjj951,56,57,57,0
1183,3,57,yhjj904,57,58,58,0
1183,3,58,yhjj934,58,59,59,0
1183,3,59,yhjj826,59,60,60,0
1183,3,60,yhjj969,60,61,61,0
1183,4,61,yhjj918,61,62,62,0
1183,4,62,yhjj909,62,63,63,0
1183,4,63,yhjj958,63,64,64,0
1183,4,64,yhjj900,64,65,65,0
1183,4,65,yhjj979,65,66,66,0
1183,4,66,yhjj954,66,67,67,0
1183,4,67,yhjj1009,67,68,68,0
1183,4,68,yhjj944,68,69,69,0
1183,4,69,yhjj941,69,70,70,0
1183,4,70,yhjj869,70,71,71,0
1183,4,71,yhjj828,71,72,72,0
1183,4,72,yhjj822,72,73,73,0
1183,4,73,yhjj913,73,74,74,0
1183,4,74,yhjj821,74,75,75,0
1183,4,75,yhjj865,75,76,76,0
1183,4,76,yhjj902,76,77,77,0
1183,4,77,yhjj889,77,78,78,0
1183,4,78,yhjj1006,78,79,79,0
1183,4,79,yhjj857,79,80,80,0
1183,4,80,yhjj947,80,81,81,0
1183,5,81,yhjj838,81,82,82,0
1183,5,82,yhjj917,82,83,83,0
1183,5,83,yhjj880,83,84,84,0
1183,5,84,yhjj1011,84,85,85,0
1183,5,85,yhjj898,85,86,86,0
1183,5,86,yhjj897,86,87,87,0
1183,5,87,yhjj986,87,88,88,0
1183,5,88,yhjj984,88,89,89,0
1183,5,89,yhjj1004,89,90,90,0
1183,5,90,yhjj966,90,91,91,0
1183,5,91,yhjj903,91,92,92,0
1183,5,92,yhjj840,92,93,93,0
1183,5,93,yhjj887,93,94,94,0
1183,5,94,yhjj1016,94,95,95,0
1183,5,95,yhjj988,95,96,96,0
1183,5,96,yhjj981,96,97,97,0
1183,5,97,yhjj963,97,98,98,0
1183,5,98,yhjj932,98,99,99,0
1183,5,99,yhjj950,99,100,100,0
1183,5,100,yhjj912,100,,100,0
1183,6,101,yhjj991,100,,100,0
1183,6,102,yhjj859,100,,100,0
1183,6,103,yhjj858,100,,100,0
1183,6,104,yhjj855,100,,100,0
1183,6,105,yhjj994,100,,100,0
1183,6,106,yhjj899,100,,100,0
1183,6,107,yhjj952,100,,100,0
1183,6,108,yhjj965,100,,100,0
1183,6,109,yhjj911,100,,100,0
1183,6,110,yhjj825,100,,100,0
1183,6,111,yhjj910,100,,100,0
1183,6,112,yhjj942,100,,100,0
1183,6,113,yhjj993,100,,100,0
1183,6,114,yhjj982,100,,100,0
1183,6,115,yhjj957,100,,100,0
1183,6,116,yhjj886,100,,100,0
1183,6,117,yhjj998,100,,100,0
1183,6,118,yhjj936,100,,100,0
1183,6,119,yhjj856,100,,100,0
1183,6,120,yhjj1015,100,,100,0
1183,7,121,yhjj885,100,,100,0
1183,7,122,yhjj996,100,,100,0
1183,7,123,yhjj983,100,,100,0
1183,7,124,yhjj873,100,,100,0
1183,7,125,yhjj929,100,,100,0
1183,7,126,yhjj871,100,,100,0
1183,7,127,yhjj839,100,,100,0
1183,7,128,yhjj881,100,,100,0
1183,7,129,yhjj961,100,,100,0
1183,7,130,yhjj914,100,,100,0
1183,7,131,yhjj967,100,,100,0
1183,7,132,yhjj946,100,,100,0
1183,7,133,yhjj972,100,,100,0
1183,7,134,yhjj960,100,,100,0
1183,7,135,yhjj980,100,,100,0
1183,7,136,yhjj971,100,,100,0
1183,7,137,yhjj848,100,,100,0
1183,7,138,yhjj890,100,,100,0
1183,7,139,yhjj920,100,,100,0
1183,7,140,yhjj955,100,,100,0
1183,8,141,yhjj908,100,,100,0
1183,8,142,yhjj921,100,,100,0
1183,8,143,yhjj949,100,,100,0
1183,8,144,yhjj992,100,,100,0
1183,8,145,yhjj835,100,,100,0
1183,8,146,yhjj888,100,,100,0
1183,8,147,yhjj959,100,,100,0
1183,8,148,yhjj933,100,,100,0
1183,8,149,yhjj1018,100,,100,0
1183,8,150,yhjj948,100,,100,0
1183,8,151,yhjj990,100,,100,0
1183,8,152,yhjj901,100,,100,0
1183,8,153,yhjj1008,100,,100,0
1183,8,154,yhjj843,100,,100,0
1183,8,155,yhjj891,100,,100,0
1183,8,156,yhjj943,100,,100,0
1183,8,157,yhjj987,100,,100,0
1183,8,158,yhjj964,100,,100,0
1183,8,159,yhjj870,100,,100,0
1183,8,160,yhjj894,100,,100,0
1183,9,161,yhjj975,100,,100,0
1183,9,162,yhjj877,100,,100,0
1183,9,163,yhjj1007,100,,100,0
1183,9,164,yhjj940,100,,100,0
1183,9,165,yhjj863,100,,100,0
1183,9,166,yhjj995,100,,100,0
1183,9,167,yhjj976,100,,100,0
1183,9,168,yhjj1012,100,,100,0
1183,9,169,yhjj1017,100,,100,0
1183,9,170,yhjj883,100,,100,0
1183,9,171,yhjj962,100,,100,0
1183,9,172,yhjj970,100,,100,0
1183,9,173,yhjj968,100,,100,0
1183,9,174,yhjj974,100,,100,0
1183,9,175,yhjj930,100,,100,0
1183,9,176,yhjj956,100,,100,0
1183,9,177,yhjj820,100,,100,0
1183,9,178,yhjj868,100,,100,0
1183,9,179,yhjj924,100,,100,0
1183,9,180,yhjj1003,100,,100,0
1183,10,181,yhjj872,100,,100,0
1183,10,182,yhjj882,100,,100,0
1183,10,183,yhjj1013,100,,100,0
1183,10,184,yhjj834,100,,100,0
1183,10,185,yhjj852,100,,100,0
1183,10,186,yhjj977,100,,100,0
1183,10,187,yhjj1014,100,,100,0
1183,10,188,yhjj973,100,,100,0
1183,10,189,yhjj1002,100,,100,0
1183,10,190,yhjj937,100,,100,0
1183,10,191,yhjj893,100,,100,0
1183,10,192,yhjj896,100,,100,0
1183,10,193,yhjj1000,100,,100,0
1183,10,194,yhjj939,100,,100,0
1183,10,195,yhjj830,100,,100,0
1183,10,196,yhjj978,100,,100,0
1183,10,197,yhjj931,100,,100,0
1183,10,198,yhjj953,100,,100,0
1183,10,199,yhjj919,100,,100,0
1183,10,200,yhjj906,100,,100,0
1184,1,1,yhjj827,1,2,2,0
1184,1,2,yhjj831,2,3,3,0
1184,1,3,yhjj864,3,4,4,0
1184,1,4,yhjj828,4,5,5,0
1184,1,5,yhjj822,5,6,6,0
1184,1,6,yhjj819,6,7,7,0
1184,1,7,yhjj843,7,8,8,0
1184,1,8,yhjj821,8,9,9,0
1184,1,9,yhjj854,9,10,10,0
1184,1,10,yhjj824,10,11,11,0
1184,1,11,yhjj834,11,12,12,0
1184,1,12,yhjj927,12,13,13,0
1184,1,13,yhjj873,13,14,14,0
1184,1,14,yhjj836,14,15,15,0
1184,1,15,yhjj838,15,16,16,0
1184,1,16,yhjj901,16,17,17,0
1184,1,17,yhjj863,17,18,18,0
1184,1,18,yhjj856,18,19,19,0
1184,1,19,yhjj862,19,20,20,0
1184,1,20,yhjj923,20,21,21,0
1184,2,21,yhjj833,21,22,22,0
1184,2,22,yhjj888,22,23,23,0
1184,2,23,yhjj935,23,24,24,0
1184,2,24,yhjj887,24,25,25,0
1184,2,25,yhjj872,25,26,26,0
1184,2,26,yhjj886,26,27,27,0
1184,2,27,yhjj880,27,28,28,0
1184,2,28,yhjj919,28,29,29,0
1184,2,29,yhjj860,29,30,30,0
1184,2,30,yhjj867,30,31,31,0
1184,2,31,yhjj958,31,32,32,0
1184,2,32,yhjj848,32,33,33,0
1184,2,33,yhjj929,33,34,34,0
1184,2,34,yhjj921,34,35,35,0
1184,2,35,yhjj826,35,36,36,0
1184,2,36,yhjj959,36,37,37,0
1184,2,37,yhjj847,37,38,38,0
1184,2,38,yhjj941,38,39,39,0
1184,2,39,yhjj830,39,40,40,0
1184,2,40,yhjj960,40,41,41,0
1184,3,41,yhjj832,41,42,42,0
1184,3,42,yhjj842,42,43,43,0
1184,3,43,yhjj912,43,44,44,0
1184,3,44,yhjj914,44,45,45,0
1184,3,45,yhjj969,45,46,46,0
1184,3,46,yhjj884,46,47,47,0
1184,3,47,yhjj983,47,48,48,0
1184,3,48,yhjj897,48,49,49,0
1184,3,49,yhjj928,49,50,50,0
1184,3,50,yhjj902,50,51,51,0
1184,3,51,yhjj925,51,52,52,0
1184,3,52,yhjj844,52,53,53,0
1184,3,53,yhjj868,53,54,54,0
1184,3,54,yhjj977,54,55,55,0
1184,3,55,yhjj953,55,56,56,0
1184,3,56,yhjj981,56,57,57,0
1184,3,57,yhjj881,57,58,58,0
1184,3,58,yhjj852,58,59,59,0
1184,3,59,yhjj949,59,60,60,0
1184,3,60,yhjj990,60,61,61,0
1184,4,61,yhjj869,61,62,62,0
1184,4,62,yhjj1007,62,63,63,0
1184,4,63,yhjj910,63,64,64,0
1184,4,64,yhjj861,64,65,65,0
1184,4,65,yhjj906,65,66,66,0
1184,4,66,yhjj850,66,67,67,0
1184,4,67,yhjj985,67,68,68,0
1184,4,68,yhjj946,68,69,69,0
1184,4,69,yhjj1015,69,70,70,0
1184,4,70,yhjj982,70,71,71,0
1184,4,71,yhjj908,71,72,72,0
1184,4,72,yhjj940,72,73,73,0
1184,4,73,yhjj820,73,74,74,0
1184,4,74,yhjj962,74,75,75,0
1184,4,75,yhjj1011,75,76,76,0
1184,4,76,yhjj1018,76,77,77,0
1184,4,77,yhjj835,77,78,78,0
1184,4,78,yhjj1004,78,79,79,0
1184,4,79,yhjj932,79,80,80,0
1184,4,80,yhjj934,80,81,81,0
1184,5,81,yhjj909,81,82,82,0
1184,5,82,yhjj851,82,83,83,0
1184,5,83,yhjj858,83,84,84,0
1184,5,84,yhjj915,84,85,85,0
1184,5,85,yhjj924,85,86,86,0
1184,5,86,yhjj905,86,87,87,0
1184,5,87,yhjj939,87,88,88,0
1184,5,88,yhjj989,88,89,89,0
1184,5,89,yhjj956,89,90,90,0
1184,5,90,yhjj988,90,91,91,0
1184,5,91,yhjj978,91,92,92,0
1184,5,92,yhjj976,92,93,93,0
1184,5,93,yhjj1000,93,94,94,0
1184,5,94,yhjj859,94,95,95,0
1184,5,95,yhjj1003,95,96,96,0
1184,5,96,yhjj1006,96,97,97,0
1184,5,97,yhjj899,97,98,98,0
1184,5,98,yhjj967,98,99,99,0
1184,5,99,yhjj896,99,100,100,0
1184,5,100,yhjj870,100,,100,0
1184,6,101,yhjj938,100,,100,0
1184,6,102,yhjj1008,100,,100,0
1184,6,103,yhjj965,100,,100,0
1184,6,104,yhjj951,100,,100,0
1184,6,105,yhjj952,100,,100,0
1184,6,106,yhjj944,100,,100,0
1184,6,107,yhjj866,100,,100,0
1184,6,108,yhjj991,100,,100,0
1184,6,109,yhjj920,100,,100,0
1184,6,110,yhjj950,100,,100,0
1184,6,111,yhjj840,100,,100,0
1184,6,112,yhjj829,100,,100,0
1184,6,113,yhjj984,100,,100,0
1184,6,114,yhjj889,100,,100,0
1184,6,115,yhjj853,100,,100,0
1184,6,116,yhjj839,100,,100,0
1184,6,117,yhjj916,100,,100,0
1184,6,118,yhjj878,100,,100,0
1184,6,119,yhjj936,100,,100,0
1184,6,120,yhjj879,100,,100,0
1184,7,121,yhjj845,100,,100,0
1184,7,122,yhjj937,100,,100,0
1184,7,123,yhjj933,100,,100,0
1184,7,124,yhjj892,100,,100,0
1184,7,125,yhjj904,100,,100,0
1184,7,126,yhjj903,100,,100,0
1184,7,127,yhjj931,100,,100,0
1184,7,128,yhjj954,100,,100,0
1184,7,129,yhjj883,100,,100,0
1184,7,130,yhjj895,100,,100,0
1184,7,131,yhjj1009,100,,100,0
1184,7,132,yhjj917,100,,100,0
1184,7,133,yhjj898,100,,100,0
1184,7,134,yhjj975,100,,100,0
1184,7,135,yhjj841,100,,100,0
1184,7,136,yhjj994,100,,100,0
1184,7,137,yhjj970,100,,100,0
1184,7,138,yhjj957,100,,100,0
1184,7,139,yhjj885,100,,100,0
1184,7,140,yhjj943,100,,100,0
1184,8,141,yhjj942,100,,100,0
1184,8,142,yhjj1016,100,,100,0
1184,8,143,yhjj855,100,,100,0
1184,8,144,yhjj846,100,,100,0
1184,8,145,yhjj875,100,,100,0
1184,8,146,yhjj1001,100,,100,0
1184,8,147,yhjj998,100,,100,0
1184,8,148,yhjj823,100,,100,0
1184,8,149,yhjj1017,100,,100,0
1184,8,150,yhjj1014,100,,100,0
1184,8,151,yhjj922,100,,100,0
1184,8,152,yhjj874,100,,100,0
1184,8,153,yhjj964,100,,100,0
1184,8,154,yhjj968,100,,100,0
1184,8,155,yhjj911,100,,100,0
1184,8,156,yhjj963,100,,100,0
1184,8,157,yhjj999,100,,100,0
1184,8,158,yhjj987,100,,100,0
1184,8,159,yhjj891,100,,100,0
1184,8,160,yhjj907,100,,100,0
1184,9,161,yhjj973,100,,100,0
1184,9,162,yhjj948,100,,100,0
1184,9,163,yhjj918,100,,100,0
1184,9,164,yhjj837,100,,100,0
1184,9,165,yhjj877,100,,100,0
1184,9,166,yhjj980,100,,100,0
1184,9,167,yhjj997,100,,100,0
1184,9,168,yhjj945,100,,100,0
1184,9,169,yhjj971,100,,100,0
1184,9,170,yhjj890,100,,100,0
1184,9,171,yhjj849,100,,100,0
1184,9,172,yhjj926,100,,100,0
1184,9,173,yhjj955,100,,100,0
1184,9,174,yhjj930,100,,100,0
1184,9,175,yhjj893,100,,100,0
1184,9,176,yhjj1005,100,,100,0
1184,9,177,yhjj1002,100,,100,0
1184,9,178,yhjj894,100,,100,0
1184,9,179,yhjj986,100,,100,0
1184,9,180,yhjj966,100,,100,0
1184,10,181,yhjj1013,100,,100,0
1184,10,182,yhjj974,100,,100,0
1184,10,183,yhjj1010,100,,100,0
1184,10,184,yhjj876,100,,100,0
1184,10,185,yhjj865,100,,100,0
1184,10,186,yhjj825,100,,100,0
1184,10,187,yhjj996,100,,100,0
1184,10,188,yhjj992,100,,100,0
1184,10,189,yhjj979,100,,100,0
1184,10,190,yhjj1012,100,,100,0
1184,10,191,yhjj871,100,,100,0
1184,10,192,yhjj900,100,,100,0
1184,10,193,yhjj882,100,,100,0
1184,10,194,yhjj913,100,,100,0
1184,10,195,yhjj857,100,,100,0
1184,10,196,yhjj993,100,,100,0
1184,10,197,yhjj995,100,,100,0
1184,10,198,yhjj947,100,,100,0
1184,10,199,yhjj972,100,,100,0
1184,10,200,yhjj961,100,,100,0
1185,1,1,yhjj861,1,2,2,0
1185,1,2,yhjj826,2,3,3,0
1185,1,3,yhjj849,3,4,4,0
1185,1,4,yhjj865,4,5,5,0
1185,1,5,yhjj878,5,6,6,0
1185,1,6,yhjj945,6,7,7,0
1185,1,7,yhjj848,7,8,8,0
1185,1,8,yhjj854,8,9,9,0
1185,1,9,yhjj834,9,10,10,0
1185,1,10,yhjj830,10,11,11,0
1185,1,11,yhjj845,11,12,12,0
1185,1,12,yhjj850,12,13,13,0
1185,1,13,yhjj836,13,14,14,0
1185,1,14,yhjj837,14,15,15,0
1185,1,15,yhjj841,15,16,16,0
1185,1,16,yhjj847,16,17,17,0
1185,1,17,yhjj844,17,18,18,0
1185,1,18,yhjj827,18,19,19,0
1185,1,19,yhjj897,19,20,20,0
1185,1,20,yhjj831,20,21,21,0
1185,2,21,yhjj905,21,22,22,0
1185,2,22,yhjj838,22,23,23,0
1185,2,23,yhjj821,23,24,24,0
1185,2,24,yhjj880,24,25,25,0
1185,2,25,yhjj825,25,26,26,0
1185,2,26,yhjj819,26,27,27,0
1185,2,27,yhjj960,27,28,28,0
1185,2,28,yhjj856,28,29,29,0
1185,2,29,yhjj951,29,30,30,0
1185,2,30,yhjj971,30,31,31,0
1185,2,31,yhjj876,31,32,32,0
1185,2,32,yhjj872,32,33,33,0
1185,2,33,yhjj887,33,34,34,0
1185,2,34,yhjj884,34,35,35,0
1185,2,35,yhjj860,35,36,36,0
1185,2,36,yhjj928,36,37,37,0
1185,2,37,yhjj904,37,38,38,0
1185,2,38,yhjj889,38,39,39,0
1185,2,39,yhjj862,39,40,40,0
1185,2,40,yhjj892,40,41,41,0
1185,3,41,yhjj859,41,42,42,0
1185,3,42,yhjj1005,42,43,43,0
1185,3,43,yhjj833,43,44,44,0
1185,3,44,yhjj1000,44,45,45,0
1185,3,45,yhjj937,45,46,46,0
1185,3,46,yhjj879,46,47,47,0
1185,3,47,yhjj913,47,48,48,0
1185,3,48,yhjj948,48,49,49,0
1185,3,49,yhjj921,49,50,50,0
1185,3,50,yhjj954,50,51,51,0
1185,3,51,yhjj988,51,52,52,0
1185,3,52,yhjj996,52,53,53,0
1185,3,53,yhjj863,53,54,54,0
1185,3,54,yhjj906,54,55,55,0
1185,3,55,yhjj1010,55,56,56,0
1185,3,56,yhjj993,56,57,57,0
1185,3,57,yhjj920,57,58,58,0
1185,3,58,yhjj959,58,59,59,0
1185,3,59,yhjj874,59,60,60,0
1185,3,60,yhjj851,60,61,61,0
1185,4,61,yhjj916,61,62,62,0
1185,4,62,yhjj903,62,63,63,0
1185,4,63,yhjj942,63,64,64,0
1185,4,64,yhjj895,64,65,65,0
1185,4,65,yhjj1004,65,66,66,0
1185,4,66,yhjj981,66,67,67,0
1185,4,67,yhjj923,67,68,68,0
1185,4,68,yhjj961,68,69,69,0
1185,4,69,yhjj853,69,70,70,0
1185,4,70,yhjj883,70,71,71,0
1185,4,71,yhjj898,71,72,72,0
1185,4,72,yhjj846,72,73,73,0
1185,4,73,yhjj832,73,74,74,0
1185,4,74,yhjj890,74,75,75,0
1185,4,75,yhjj869,75,76,76,0
1185,4,76,yhjj881,76,77,77,0
1185,4,77,yhjj925,77,78,78,0
1185,4,78,yhjj868,78,79,79,0
1185,4,79,yhjj956,79,80,80,0
1185,4,80,yhjj888,80,81,81,0
1185,5,81,yhjj922,81,82,82,0
1185,5,82,yhjj864,82,83,83,0
1185,5,83,yhjj902,83,84,84,0
1185,5,84,yhjj957,84,85,85,0
1185,5,85,yhjj875,85,86,86,0
1185,5,86,yhjj842,86,87,87,0
1185,5,87,yhjj941,87,88,88,0
1185,5,88,yhjj839,88,89,89,0
1185,5,89,yhjj909,89,90,90,0
1185,5,90,yhjj989,90,91,91,0
1185,5,91,yhjj855,91,92,92,0
1185,5,92,yhjj967,92,93,93,0
1185,5,93,yhjj946,93,94,94,0
1185,5,94,yhjj824,94,95,95,0
1185,5,95,yhjj1014,95,96,96,0
1185,5,96,yhjj858,96,97,97,0
1185,5,97,yhjj995,97,98,98,0
1185,5,98,yhjj979,98,99,99,0
1185,5,99,yhjj939,99,100,100,0
1185,5,100,yhjj994,100,,100,0
1185,6,101,yhjj935,100,,100,0
1185,6,102,yhjj1012,100,,100,0
1185,6,103,yhjj969,100,,100,0
1185,6,104,yhjj857,100,,100,0
1185,6,105,yhjj918,100,,100,0
1185,6,106,yhjj829,100,,100,0
1185,6,107,yhjj926,100,,100,0
1185,6,108,yhjj900,100,,100,0
1185,6,109,yhjj822,100,,100,0
1185,6,110,yhjj962,100,,100,0
1185,6,111,yhjj917,100,,100,0
1185,6,112,yhjj968,100,,100,0
1185,6,113,yhjj886,100,,100,0
1185,6,114,yhjj991,100,,100,0
1185,6,115,yhjj908,100,,100,0
1185,6,116,yhjj866,100,,100,0
1185,6,117,yhjj931,100,,100,0
1185,6,118,yhjj919,100,,100,0
1185,6,119,yhjj820,100,,100,0
1185,6,120,yhjj852,100,,100,0
1185,7,121,yhjj950,100,,100,0
1185,7,122,yhjj924,100,,100,0
1185,7,123,yhjj899,100,,100,0
1185,7,124,yhjj1011,100,,100,0
1185,7,125,yhjj843,100,,100,0
1185,7,126,yhjj976,100,,100,0
1185,7,127,yhjj871,100,,100,0
1185,7,128,yhjj982,100,,100,0
1185,7,129,yhjj1018,100,,100,0
1185,7,130,yhjj987,100,,100,0
1185,7,131,yhjj835,100,,100,0
1185,7,132,yhjj828,100,,100,0
1185,7,133,yhjj974,100,,100,0
1185,7,134,yhjj953,100,,100,0
1185,7,135,yhjj901,100,,100,0
1185,7,136,yhjj958,100,,100,0
1185,7,137,yhjj936,100,,100,0
1185,7,138,yhjj840,100,,100,0
1185,7,139,yhjj873,100,,100,0
1185,7,140,yhjj915,100,,100,0
1185,8,141,yhjj978,100,,100,0
1185,8,142,yhjj1016,100,,100,0
1185,8,143,yhjj885,100,,100,0
1185,8,144,yhjj997,100,,100,0
1185,8,145,yhjj944,100,,100,0
1185,8,146,yhjj1009,100,,100,0
1185,8,147,yhjj964,100,,100,0
1185,8,148,yhjj985,100,,100,0
1185,8,149,yhjj911,100,,100,0
1185,8,150,yhjj1001,100,,100,0
1185,8,151,yhjj983,100,,100,0
1185,8,152,yhjj933,100,,100,0
1185,8,153,yhjj1017,100,,100,0
1185,8,154,yhjj891,100,,100,0
1185,8,155,yhjj990,100,,100,0
1185,8,156,yhjj984,100,,100,0
1185,8,157,yhjj1013,100,,100,0
1185,8,158,yhjj910,100,,100,0
1185,8,159,yhjj999,100,,100,0
1185,8,160,yhjj870,100,,100,0
1185,9,161,yhjj986,100,,100,0
1185,9,162,yhjj1007,100,,100,0
1185,9,163,yhjj882,100,,100,0
1185,9,164,yhjj907,100,,100,0
1185,9,165,yhjj934,100,,100,0
1185,9,166,yhjj938,100,,100,0
1185,9,167,yhjj823,100,,100,0
1185,9,168,yhjj927,100,,100,0
1185,9,169,yhjj972,100,,100,0
1185,9,170,yhjj980,100,,100,0
1185,9,171,yhjj940,100,,100,0
1185,9,172,yhjj966,100,,100,0
1185,9,173,yhjj973,100,,100,0
1185,9,174,yhjj930,100,,100,0
1185,9,175,yhjj932,100,,100,0
1185,9,176,yhjj929,100,,100,0
1185,9,177,yhjj947,100,,100,0
1185,9,178,yhjj943,100,,100,0
1185,9,179,yhjj963,100,,100,0
1185,9,180,yhjj867,100,,100,0
1185,10,181,yhjj970,100,,100,0
1185,10,182,yhjj896,100,,100,0
1185,10,183,yhjj949,100,,100,0
1185,10,184,yhjj877,100,,100,0
1185,10,185,yhjj893,100,,100,0
1185,10,186,yhjj998,100,,100,0
1185,10,187,yhjj1002,100,,100,0
1185,10,188,yhjj914,100,,100,0
1185,10,189,yhjj975,100,,100,0
1185,10,190,yhjj1003,100,,100,0
1185,10,191,yhjj1008,100,,100,0
1185,10,192,yhjj952,100,,100,0
1185,10,193,yhjj977,100,,100,0
1185,10,194,yhjj1006,100,,100,0
1185,10,195,yhjj912,100,,100,0
1185,10,196,yhjj965,100,,100,0
1185,10,197,yhjj955,100,,100,0
1185,10,198,yhjj992,100,,100,0
1185,10,199,yhjj894,100,,100,0
1185,10,200,yhjj1015,100,,100,0
1186,1,1,yhjj856,1,2,2,0
1186,1,2,yhjj850,2,3,3,0
1186,1,3,yhjj841,3,4,4,0
1186,1,4,yhjj832,4,5,5,0
1186,1,5,yhjj861,5,6,6,0
1186,1,6,yhjj824,6,7,7,0
1186,1,7,yhjj844,7,8,8,0
1186,1,8,yhjj886,8,9,9,0
1186,1,9,yhjj889,9,10,10,0
1186,1,10,yhjj905,10,11,11,0
1186,1,11,yhjj903,11,12,12,0
1186,1,12,yhjj956,12,13,13,0
1186,1,13,yhjj890,13,14,14,0
1186,1,14,yhjj857,14,15,15,0
1186,1,15,yhjj851,15,16,16,0
1186,1,16,yhjj885,16,17,17,0
1186,1,17,yhjj912,17,18,18,0
1186,1,18,yhjj928,18,19,19,0
1186,1,19,yhjj918,19,20,20,0
1186,1,20,yhjj827,20,21,21,0
1186,2,21,yhjj900,21,22,22,0
1186,2,22,yhjj849,22,23,23,0
1186,2,23,yhjj864,23,24,24,0
1186,2,24,yhjj904,24,25,25,0
1186,2,25,yhjj877,25,26,26,0
1186,2,26,yhjj825,26,27,27,0
1186,2,27,yhjj907,27,28,28,0
1186,2,28,yhjj874,28,29,29,0
1186,2,29,yhjj925,29,30,30,0
1186,2,30,yhjj942,30,31,31,0
1186,2,31,yhjj830,31,32,32,0
1186,2,32,yhjj973,32,33,33,0
1186,2,33,yhjj848,33,34,34,0
1186,2,34,yhjj959,34,35,35,0
1186,2,35,yhjj833,35,36,36,0
1186,2,36,yhjj910,36,37,37,0
1186,2,37,yhjj860,37,38,38,0
1186,2,38,yhjj845,38,39,39,0
1186,2,39,yhjj986,39,40,40,0
1186,2,40,yhjj858,40,41,41,0
1186,3,41,yhjj981,41,42,42,0
1186,3,42,yhjj926,42,43,43,0
1186,3,43,yhjj834,43,44,44,0
1186,3,44,yhjj997,44,45,45,0
1186,3,45,yhjj982,45,46,46,0
1186,3,46,yhjj961,46,47,47,0
1186,3,47,yhjj978,47,48,48,0
1186,3,48,yhjj887,48,49,49,0
1186,3,49,yhjj987,49,50,50,0
1186,3,50,yhjj962,50,51,51,0
1186,3,51,yhjj854,51,52,52,0
1186,3,52,yhjj1005,52,53,53,0
1186,3,53,yhjj847,53,54,54,0
1186,3,54,yhjj822,54,55,55,0
1186,3,55,yhjj967,55,56,56,0
1186,3,56,yhjj917,56,57,57,0
1186,3,57,yhjj919,57,58,58,0
1186,3,58,yhjj991,58,59,59,0
1186,3,59,yhjj863,59,60,60,0
1186,3,60,yhjj876,60,61,61,0
1186,4,61,yhjj971,61,62,62,0
1186,4,62,yhjj955,62,63,63,0
1186,4,63,yhjj913,63,64,64,0
1186,4,64,yhjj875,64,65,65,0
1186,4,65,yhjj979,65,66,66,0
1186,4,66,yhjj938,66,67,67,0
1186,4,67,yhjj924,67,68,68,0
1186,4,68,yhjj828,68,69,69,0
1186,4,69,yhjj992,69,70,70,0
1186,4,70,yhjj990,70,71,71,0
1186,4,71,yhjj983,71,72,72,0
1186,4,72,yhjj859,72,73,73,0
1186,4,73,yhjj881,73,74,74,0
1186,4,74,yhjj906,74,75,75,0
1186,4,75,yhjj831,75,76,76,0
1186,4,76,yhjj897,76,77,77,0
1186,4,77,yhjj960,77,78,78,0
1186,4,78,yhjj893,78,79,79,0
1186,4,79,yhjj892,79,80,80,0
1186,4,80,yhjj954,80,81,81,0
1186,5,81,yhjj840,81,82,82,0
1186,5,82,yhjj998,82,83,83,0
1186,5,83,yhjj972,83,84,84,0
1186,5,84,yhjj970,84,85,85,0
1186,5,85,yhjj920,85,86,86,0
1186,5,86,yhjj977,86,87,87,0
1186,5,87,yhjj836,87,88,88,0
1186,5,88,yhjj929,88,89,89,0
1186,5,89,yhjj1002,89,90,90,0
1186,5,90,yhjj947,90,91,91,0
1186,5,91,yhjj921,91,92,92,0
1186,5,92,yhjj879,92,93,93,0
1186,5,93,yhjj922,93,94,94,0
1186,5,94,yhjj823,94,95,95,0
1186,5,95,yhjj909,95,96,96,0
1186,5,96,yhjj826,96,97,97,0
1186,5,97,yhjj884,97,98,98,0
1186,5,98,yhjj969,98,99,99,0
1186,5,99,yhjj843,99,100,100,0
1186,5,100,yhjj994,100,,100,0
1186,6,101,yhjj852,100,,100,0
1186,6,102,yhjj995,100,,100,0
1186,6,103,yhjj867,100,,100,0
1186,6,104,yhjj996,100,,100,0
1186,6,105,yhjj944,100,,100,0
1186,6,106,yhjj975,100,,100,0
1186,6,107,yhjj846,100,,100,0
1186,6,108,yhjj902,100,,100,0
1186,6,109,yhjj931,100,,100,0
1186,6,110,yhjj1004,100,,100,0
1186,6,111,yhjj1012,100,,100,0
1186,6,112,yhjj838,100,,100,0
1186,6,113,yhjj933,100,,100,0
1186,6,114,yhjj985,100,,100,0
1186,6,115,yhjj839,100,,100,0
1186,6,116,yhjj1007,100,,100,0
1186,6,117,yhjj880,100,,100,0
1186,6,118,yhjj882,100,,100,0
1186,6,119,yhjj974,100,,100,0
1186,6,120,yhjj878,100,,100,0
1186,7,121,yhjj948,100,,100,0
1186,7,122,yhjj953,100,,100,0
1186,7,123,yhjj952,100,,100,0
1186,7,124,yhjj1010,100,,100,0
1186,7,125,yhjj943,100,,100,0
1186,7,126,yhjj965,100,,100,0
1186,7,127,yhjj993,100,,100,0
1186,7,128,yhjj968,100,,100,0
1186,7,129,yhjj911,100,,100,0
1186,7,130,yhjj871,100,,100,0
1186,7,131,yhjj1003,100,,100,0
1186,7,132,yhjj820,100,,100,0
1186,7,133,yhjj1015,100,,100,0
1186,7,134,yhjj916,100,,100,0
1186,7,135,yhjj1017,100,,100,0
1186,7,136,yhjj941,100,,100,0
1186,7,137,yhjj898,100,,100,0
1186,7,138,yhjj873,100,,100,0
1186,7,139,yhjj915,100,,100,0
1186,7,140,yhjj870,100,,100,0
1186,8,141,yhjj899,100,,100,0
1186,8,142,yhjj829,100,,100,0
1186,8,143,yhjj988,100,,100,0
1186,8,144,yhjj894,100,,100,0
1186,8,145,yhjj984,100,,100,0
1186,8,146,yhjj980,100,,100,0
1186,8,147,yhjj937,100,,100,0
1186,8,148,yhjj934,100,,100,0
1186,8,149,yhjj950,100,,100,0
1186,8,150,yhjj855,100,,100,0
1186,8,151,yhjj896,100,,100,0
1186,8,152,yhjj963,100,,100,0
1186,8,153,yhjj1018,100,,100,0
1186,8,154,yhjj930,100,,100,0
1186,8,155,yhjj1008,100,,100,0
1186,8,156,yhjj945,100,,100,0
1186,8,157,yhjj837,100,,100,0
1186,8,158,yhjj819,100,,100,0
1186,8,159,yhjj999,100,,100,0
1186,8,160,yhjj966,100,,100,0
1186,9,161,yhjj1016,100,,100,0
1186,9,162,yhjj821,100,,100,0
1186,9,163,yhjj1009,100,,100,0
1186,9,164,yhjj957,100,,100,0
1186,9,165,yhjj862,100,,100,0
1186,9,166,yhjj835,100,,100,0
1186,9,167,yhjj976,100,,100,0
1186,9,168,yhjj1013,100,,100,0
1186,9,169,yhjj949,100,,100,0
1186,9,170,yhjj914,100,,100,0
1186,9,171,yhjj1014,100,,100,0
1186,9,172,yhjj891,100,,100,0
1186,9,173,yhjj895,100,,100,0
1186,9,174,yhjj842,100,,100,0
1186,9,175,yhjj1006,100,,100,0
1186,9,176,yhjj901,100,,100,0
1186,9,177,yhjj1011,100,,100,0
1186,9,178,yhjj939,100,,100,0
1186,9,179,yhjj946,100,,100,0
1186,9,180,yhjj1000,100,,100,0
1186,10,181,yhjj908,100,,100,0
1186,10,182,yhjj853,100,,100,0
1186,10,183,yhjj935,100,,100,0
1186,10,184,yhjj936,100,,100,0
1186,10,185,yhjj866,100,,100,0
1186,10,186,yhjj1001,100,,100,0
1186,10,187,yhjj865,100,,100,0
1186,10,188,yhjj888,100,,100,0
1186,10,189,yhjj964,100,,100,0
1186,10,190,yhjj940,100,,100,0
1186,10,191,yhjj883,100,,100,0
1186,10,192,yhjj989,100,,100,0
1186,10,193,yhjj958,100,,100,0
1186,10,194,yhjj868,100,,100,0
1186,10,195,yhjj872,100,,100,0
1186,10,196,yhjj932,100,,100,0
1186,10,197,yhjj923,100,,100,0
1186,10,198,yhjj869,100,,100,0
1186,10,199,yhjj927,100,,100,0
1186,10,200,yhjj951,100,,100,0
1187,1,1,yhjj825,1,2,2,0
1187,1,2,yhjj821,2,3,3,0
1187,1,3,yhjj836,3,4,4,0
1187,1,4,yhjj826,4,5,5,0
1187,1,5,yhjj861,5,6,6,0
1187,1,6,yhjj854,6,7,7,0
1187,1,7,yhjj867,7,8,8,0
1187,1,8,yhjj904,8,9,9,0
1187,1,9,yhjj865,9,10,10,0
1187,1,10,yhjj864,10,11,11,0
1187,1,11,yhjj859,11,12,12,0
1187,1,12,yhjj853,12,13,13,0
1187,1,13,yhjj846,13,14,14,0
1187,1,14,yhjj830,14,15,15,0
1187,1,15,yhjj838,15,16,16,0
1187,1,16,yhjj873,16,17,17,0
1187,1,17,yhjj951,17,18,18,0
1187,1,18,yhjj842,18,19,19,0
1187,1,19,yhjj819,19,20,20,0
1187,1,20,yhjj889,20,21,21,0
1187,2,21,yhjj874,21,22,22,0
1187,2,22,yhjj1008,22,23,23,0
1187,2,23,yhjj928,23,24,24,0
1187,2,24,yhjj923,24,25,25,0
1187,2,25,yhjj901,25,26,26,0
1187,2,26,yhjj833,26,27,27,0
1187,2,27,yhjj921,27,28,28,0
1187,2,28,yhjj860,28,29,29,0
1187,2,29,yhjj879,29,30,30,0
1187,2,30,yhjj937,30,31,31,0
1187,2,31,yhjj832,31,32,32,0
1187,2,32,yhjj919,32,33,33,0
1187,2,33,yhjj835,33,34,34,0
1187,2,34,yhjj847,34,35,35,0
1187,2,35,yhjj927,35,36,36,0
1187,2,36,yhjj849,36,37,37,0
1187,2,37,yhjj876,37,38,38,0
1187,2,38,yhjj868,38,39,39,0
1187,2,39,yhjj938,39,40,40,0
1187,2,40,yhjj872,40,41,41,0
1187,3,41,yhjj857,41,42,42,0
1187,3,42,yhjj824,42,43,43,0
1187,3,43,yhjj855,43,44,44,0
1187,3,44,yhjj934,44,45,45,0
1187,3,45,yhjj913,45,46,46,0
1187,3,46,yhjj947,46,47,47,0
1187,3,47,yhjj920,47,48,48,0
1187,3,48,yhjj866,48,49,49,0
1187,3,49,yhjj823,49,50,50,0
1187,3,50,yhjj869,50,51,51,0
1187,3,51,yhjj946,51,52,52,0
1187,3,52,yhjj841,52,53,53,0
1187,3,53,yhjj908,53,54,54,0
1187,3,54,yhjj850,54,55,55,0
1187,3,55,yhjj888,55,56,56,0
1187,3,56,yhjj918,56,57,57,0
1187,3,57,yhjj955,57,58,58,0
1187,3,58,yhjj829,58,59,59,0
1187,3,59,yhjj1000,59,60,60,0
1187,3,60,yhjj910,60,61,61,0
1187,4,61,yhjj881,61,62,62,0
1187,4,62,yhjj875,62,63,63,0
1187,4,63,yhjj967,63,64,64,0
1187,4,64,yhjj954,64,65,65,0
1187,4,65,yhjj971,65,66,66,0
1187,4,66,yhjj981,66,67,67,0
1187,4,67,yhjj961,67,68,68,0
1187,4,68,yhjj903,68,69,69,0
1187,4,69,yhjj845,69,70,70,0
1187,4,70,yhjj926,70,71,71,0
1187,4,71,yhjj877,71,72,72,0
1187,4,72,yhjj844,72,73,73,0
1187,4,73,yhjj945,73,74,74,0
1187,4,74,yhjj843,74,75,75,0
1187,4,75,yhjj949,75,76,76,0
1187,4,76,yhjj980,76,77,77,0
1187,4,77,yhjj978,77,78,78,0
1187,4,78,yhjj871,78,79,79,0
1187,4,79,yhjj870,79,80,80,0
1187,4,80,yhjj858,80,81,81,0
1187,5,81,yhjj953,81,82,82,0
1187,5,82,yhjj900,82,83,83,0
1187,5,83,yhjj922,83,84,84,0
1187,5,84,yhjj962,84,85,85,0
1187,5,85,yhjj998,85,86,86,0
1187,5,86,yhjj896,86,87,87,0
1187,5,87,yhjj892,87,88,88,0
1187,5,88,yhjj828,88,89,89,0
1187,5,89,yhjj914,89,90,90,0
1187,5,90,yhjj839,90,91,91,0
1187,5,91,yhjj1011,91,92,92,0
1187,5,92,yhjj973,92,93,93,0
1187,5,93,yhjj883,93,94,94,0
1187,5,94,yhjj851,94,95,95,0
1187,5,95,yhjj882,95,96,96,0
1187,5,96,yhjj932,96,97,97,0
1187,5,97,yhjj924,97,98,98,0
1187,5,98,yhjj987,98,99,99,0
1187,5,99,yhjj837,99,100,100,0
1187,5,100,yhjj878,100,,100,0
1187,6,101,yhjj989,100,,100,0
1187,6,102,yhjj977,100,,100,0
1187,6,103,yhjj897,100,,100,0
1187,6,104,yhjj895,100,,100,0
1187,6,105,yhjj985,100,,100,0
1187,6,106,yhjj974,100,,100,0
1187,6,107,yhjj993,100,,100,0
1187,6,108,yhjj848,100,,100,0
1187,6,109,yhjj831,100,,100,0
1187,6,110,yhjj898,100,,100,0
1187,6,111,yhjj884,100,,100,0
1187,6,112,yhjj1007,100,,100,0
1187,6,113,yhjj982,100,,100,0
1187,6,114,yhjj887,100,,100,0
1187,6,115,yhjj929,100,,100,0
1187,6,116,yhjj988,100,,100,0
1187,6,117,yhjj931,100,,100,0
1187,6,118,yhjj925,100,,100,0
1187,6,119,yhjj902,100,,100,0
1187,6,120,yhjj997,100,,100,0
1187,7,121,yhjj995,100,,100,0
1187,7,122,yhjj990,100,,100,0
1187,7,123,yhjj940,100,,100,0
1187,7,124,yhjj1015,100,,100,0
1187,7,125,yhjj899,100,,100,0
1187,7,126,yhjj1002,100,,100,0
1187,7,127,yhjj991,100,,100,0
1187,7,128,yhjj976,100,,100,0
1187,7,129,yhjj1018,100,,100,0
1187,7,130,yhjj822,100,,100,0
1187,7,131,yhjj956,100,,100,0
1187,7,132,yhjj1012,100,,100,0
1187,7,133,yhjj916,100,,100,0
1187,7,134,yhjj968,100,,100,0
1187,7,135,yhjj1005,100,,100,0
1187,7,136,yhjj983,100,,100,0
1187,7,137,yhjj992,100,,100,0
1187,7,138,yhjj840,100,,100,0
1187,7,139,yhjj1009,100,,100,0
1187,7,140,yhjj820,100,,100,0
1187,8,141,yhjj930,100,,100,0
1187,8,142,yhjj979,100,,100,0
1187,8,143,yhjj939,100,,100,0
1187,8,144,yhjj890,100,,100,0
1187,8,145,yhjj893,100,,100,0
1187,8,146,yhjj957,100,,100,0
1187,8,147,yhjj863,100,,100,0
1187,8,148,yhjj1010,100,,100,0
1187,8,149,yhjj856,100,,100,0
1187,8,150,yhjj880,100,,100,0
1187,8,151,yhjj1013,100,,100,0
1187,8,152,yhjj964,100,,100,0
1187,8,153,yhjj827,100,,100,0
1187,8,154,yhjj965,100,,100,0
1187,8,155,yhjj943,100,,100,0
1187,8,156,yhjj984,100,,100,0
1187,8,157,yhjj942,100,,100,0
1187,8,158,yhjj969,100,,100,0
1187,8,159,yhjj891,100,,100,0
1187,8,160,yhjj906,100,,100,0
1187,9,161,yhjj834,100,,100,0
1187,9,162,yhjj950,100,,100,0
1187,9,163,yhjj1001,100,,100,0
1187,9,164,yhjj1014,100,,100,0
1187,9,165,yhjj1004,100,,100,0
1187,9,166,yhjj952,100,,100,0
1187,9,167,yhjj852,100,,100,0
1187,9,168,yhjj986,100,,100,0
1187,9,169,yhjj963,100,,100,0
1187,9,170,yhjj917,100,,100,0
1187,9,171,yhjj933,100,,100,0
1187,9,172,yhjj1017,100,,100,0
1187,9,173,yhjj959,100,,100,0
1187,9,174,yhjj912,100,,100,0
1187,9,175,yhjj935,100,,100,0
1187,9,176,yhjj911,100,,100,0
1187,9,177,yhjj862,100,,100,0
1187,9,178,yhjj907,100,,100,0
1187,9,179,yhjj886,100,,100,0
1187,9,180,yhjj975,100,,100,0
1187,10,181,yhjj941,100,,100,0
1187,10,182,yhjj905,100,,100,0
1187,10,183,yhjj944,100,,100,0
1187,10,184,yhjj1006,100,,100,0
1187,10,185,yhjj948,100,,100,0
1187,10,186,yhjj966,100,,100,0
1187,10,187,yhjj1016,100,,100,0
1187,10,188,yhjj970,100,,100,0
1187,10,189,yhjj936,100,,100,0
1187,10,190,yhjj894,100,,100,0
1187,10,191,yhjj994,100,,100,0
1187,10,192,yhjj885,100,,100,0
1187,10,193,yhjj996,100,,100,0
1187,10,194,yhjj999,100,,100,0
1187,10,195,yhjj909,100,,100,0
1187,10,196,yhjj960,100,,100,0
1187,10,197,yhjj1003,100,,100,0
1187,10,198,yhjj972,100,,100,0
1187,10,199,yhjj915,100,,100,0
1187,10,200,yhjj958,100,,100,0
1188,1,1,yhjj853,1,2,2,0
1188,1,2,yhjj880,2,3,3,0
1188,1,3,yhjj828,3,4,4,0
1188,1,4,yhjj833,4,5,5,0
1188,1,5,yhjj915,5,6,6,0
1188,1,6,yhjj934,6,7,7,0
1188,1,7,yhjj821,7,8,8,0
1188,1,8,yhjj838,8,9,9,0
1188,1,9,yhjj844,9,10,10,0
1188,1,10,yhjj856,10,11,11,0
1188,1,11,yhjj878,11,12,12,0
1188,1,12,yhjj858,12,13,13,0
1188,1,13,yhjj851,13,14,14,0
1188,1,14,yhjj872,14,15,15,0
1188,1,15,yhjj820,15,16,16,0
1188,1,16,yhjj903,16,17,17,0
1188,1,17,yhjj846,17,18,18,0
1188,1,18,yhjj837,18,19,19,0
1188,1,19,yhjj955,19,20,20,0
1188,1,20,yhjj863,20,21,21,0
1188,2,21,yhjj929,21,22,22,0
1188,2,22,yhjj864,22,23,23,0
1188,2,23,yhjj832,23,24,24,0
1188,2,24,yhjj895,24,25,25,0
1188,2,25,yhjj835,25,26,26,0
1188,2,26,yhjj857,26,27,27,0
1188,2,27,yhjj898,27,28,28,0
1188,2,28,yhjj854,28,29,29,0
1188,2,29,yhjj842,29,30,30,0
1188,2,30,yhjj860,30,31,31,0
1188,2,31,yhjj861,31,32,32,0
1188,2,32,yhjj877,32,33,33,0
1188,2,33,yhjj873,33,34,34,0
1188,2,34,yhjj905,34,35,35,0
1188,2,35,yhjj879,35,36,36,0
1188,2,36,yhjj841,36,37,37,0
1188,2,37,yhjj822,37,38,38,0
1188,2,38,yhjj974,38,39,39,0
1188,2,39,yhjj892,39,40,40,0
1188,2,40,yhjj840,40,41,41,0
1188,3,41,yhjj901,41,42,42,0
1188,3,42,yhjj887,42,43,43,0
1188,3,43,yhjj917,43,44,44,0
1188,3,44,yhjj883,44,45,45,0
1188,3,45,yhjj991,45,46,46,0
1188,3,46,yhjj891,46,47,47,0
1188,3,47,yhjj881,47,48,48,0
1188,3,48,yhjj824,48,49,49,0
1188,3,49,yhjj845,49,50,50,0
1188,3,50,yhjj949,50,51,51,0
1188,3,51,yhjj869,51,52,52,0
1188,3,52,yhjj954,52,53,53,0
1188,3,53,yhjj852,53,54,54,0
1188,3,54,yhjj1001,54,55,55,0
1188,3,55,yhjj849,55,56,56,0
1188,3,56,yhjj925,56,57,57,0
1188,3,57,yhjj984,57,58,58,0
1188,3,58,yhjj825,58,59,59,0
1188,3,59,yhjj866,59,60,60,0
1188,3,60,yhjj850,60,61,61,0
1188,4,61,yhjj985,61,62,62,0
1188,4,62,yhjj943,62,63,63,0
1188,4,63,yhjj969,63,64,64,0
1188,4,64,yhjj827,64,65,65,0
1188,4,65,yhjj884,65,66,66,0
1188,4,66,yhjj920,66,67,67,0
1188,4,67,yhjj848,67,68,68,0
1188,4,68,yhjj994,68,69,69,0
1188,4,69,yhjj961,69,70,70,0
1188,4,70,yhjj909,70,71,71,0
1188,4,71,yhjj970,71,72,72,0
1188,4,72,yhjj859,72,73,73,0
1188,4,73,yhjj936,73,74,74,0
1188,4,74,yhjj836,74,75,75,0
1188,4,75,yhjj959,75,76,76,0
1188,4,76,yhjj924,76,77,77,0
1188,4,77,yhjj982,77,78,78,0
1188,4,78,yhjj1011,78,79,79,0
1188,4,79,yhjj1015,79,80,80,0
1188,4,80,yhjj956,80,81,81,0
1188,5,81,yhjj988,81,82,82,0
1188,5,82,yhjj926,82,83,83,0
1188,5,83,yhjj952,83,84,84,0
1188,5,84,yhjj907,84,85,85,0
1188,5,85,yhjj945,85,86,86,0
1188,5,86,yhjj963,86,87,87,0
1188,5,87,yhjj870,87,88,88,0
1188,5,88,yhjj1010,88,89,89,0
1188,5,89,yhjj868,89,90,90,0
1188,5,90,yhjj831,90,91,91,0
1188,5,91,yhjj899,91,92,92,0
1188,5,92,yhjj862,92,93,93,0
1188,5,93,yhjj916,93,94,94,0
1188,5,94,yhjj908,94,95,95,0
1188,5,95,yhjj819,95,96,96,0
1188,5,96,yhjj839,96,97,97,0
1188,5,97,yhjj962,97,98,98,0
1188,5,98,yhjj914,98,99,99,0
1188,5,99,yhjj900,99,100,100,0
1188,5,100,yhjj888,100,,100,0
1188,6,101,yhjj886,100,,100,0
1188,6,102,yhjj865,100,,100,0
1188,6,103,yhjj876,100,,100,0
1188,6,104,yhjj944,100,,100,0
1188,6,105,yhjj999,100,,100,0
1188,6,106,yhjj996,100,,100,0
1188,6,107,yhjj1004,100,,100,0
1188,6,108,yhjj885,100,,100,0
1188,6,109,yhjj992,100,,100,0
1188,6,110,yhjj826,100,,100,0
1188,6,111,yhjj1008,100,,100,0
1188,6,112,yhjj875,100,,100,0
1188,6,113,yhjj1013,100,,100,0
1188,6,114,yhjj1017,100,,100,0
1188,6,115,yhjj927,100,,100,0
1188,6,116,yhjj1007,100,,100,0
1188,6,117,yhjj823,100,,100,0
1188,6,118,yhjj947,100,,100,0
1188,6,119,yhjj931,100,,100,0
1188,6,120,yhjj977,100,,100,0
1188,7,121,yhjj976,100,,100,0
1188,7,122,yhjj1009,100,,100,0
1188,7,123,yhjj893,100,,100,0
1188,7,124,yhjj981,100,,100,0
1188,7,125,yhjj923,100,,100,0
1188,7,126,yhjj930,100,,100,0
1188,7,127,yhjj942,100,,100,0
1188,7,128,yhjj979,100,,100,0
1188,7,129,yhjj913,100,,100,0
1188,7,130,yhjj990,100,,100,0
1188,7,131,yhjj946,100,,100,0
1188,7,132,yhjj1016,100,,100,0
1188,7,133,yhjj933,100,,100,0
1188,7,134,yhjj855,100,,100,0
1188,7,135,yhjj1005,100,,100,0
1188,7,136,yhjj995,100,,100,0
1188,7,137,yhjj1006,100,,100,0
1188,7,138,yhjj867,100,,100,0
1188,7,139,yhjj965,100,,100,0
1188,7,140,yhjj830,100,,100,0
1188,8,141,yhjj922,100,,100,0
1188,8,142,yhjj829,100,,100,0
1188,8,143,yhjj998,100,,100,0
1188,8,144,yhjj978,100,,100,0
1188,8,145,yhjj921,100,,100,0
1188,8,146,yhjj975,100,,100,0
1188,8,147,yhjj935,100,,100,0
1188,8,148,yhjj882,100,,100,0
1188,8,149,yhjj950,100,,100,0
1188,8,150,yhjj889,100,,100,0
1188,8,151,yhjj1000,100,,100,0
1188,8,152,yhjj904,100,,100,0
1188,8,153,yhjj958,100,,100,0
1188,8,154,yhjj971,100,,100,0
1188,8,155,yhjj986,100,,100,0
1188,8,156,yhjj1014,100,,100,0
1188,8,157,yhjj912,100,,100,0
1188,8,158,yhjj1002,100,,100,0
1188,8,159,yhjj939,100,,100,0
1188,8,160,yhjj1018,100,,100,0
1188,9,161,yhjj918,100,,100,0
1188,9,162,yhjj896,100,,100,0
1188,9,163,yhjj890,100,,100,0
1188,9,164,yhjj919,100,,100,0
1188,9,165,yhjj980,100,,100,0
1188,9,166,yhjj911,100,,100,0
1188,9,167,yhjj948,100,,100,0
1188,9,168,yhjj953,100,,100,0
1188,9,169,yhjj902,100,,100,0
1188,9,170,yhjj834,100,,100,0
1188,9,171,yhjj894,100,,100,0
1188,9,172,yhjj906,100,,100,0
1188,9,173,yhjj967,100,,100,0
1188,9,174,yhjj843,100,,100,0
1188,9,175,yhjj940,100,,100,0
1188,9,176,yhjj957,100,,100,0
1188,9,177,yhjj928,100,,100,0
1188,9,178,yhjj941,100,,100,0
1188,9,179,yhjj993,100,,100,0
1188,9,180,yhjj897,100,,100,0
1188,10,181,yhjj972,100,,100,0
1188,10,182,yhjj973,100,,100,0
1188,10,183,yhjj932,100,,100,0
1188,10,184,yhjj937,100,,100,0
1188,10,185,yhjj989,100,,100,0
1188,10,186,yhjj951,100,,100,0
1188,10,187,yhjj966,100,,100,0
1188,10,188,yhjj871,100,,100,0
1188,10,189,yhjj910,100,,100,0
1188,10,190,yhjj847,100,,100,0
1188,10,191,yhjj1003,100,,100,0
1188,10,192,yhjj964,100,,100,0
1188,10,193,yhjj938,100,,100,0
1188,10,194,yhjj968,100,,100,0
1188,10,195,yhjj983,100,,100,0
1188,10,196,yhjj997,100,,100,0
1188,10,197,yhjj874,100,,100,0
1188,10,198,yhjj987,100,,100,0
1188,10,199,yhjj960,100,,100,0
1188,10,200,yhjj1012,100,,100,0
1189,1,1,yhjj864,1,2,2,0
1189,1,2,yhjj858,2,3,3,0
1189,1,3,yhjj826,3,4,4,0
1189,1,4,yhjj849,4,5,5,0
1189,1,5,yhjj848,5,6,6,0
1189,1,6,yhjj832,6,7,7,0
1189,1,7,yhjj886,7,8,8,0
1189,1,8,yhjj973,8,9,9,0
1189,1,9,yhjj853,9,10,10,0
1189,1,10,yhjj833,10,11,11,0
1189,1,11,yhjj902,11,12,12,0
1189,1,12,yhjj841,12,13,13,0
1189,1,13,yhjj926,13,14,14,0
1189,1,14,yhjj945,14,15,15,0
1189,1,15,yhjj885,15,16,16,0
1189,1,16,yhjj861,16,17,17,0
1189,1,17,yhjj828,17,18,18,0
1189,1,18,yhjj842,18,19,19,0
1189,1,19,yhjj956,19,20,20,0
1189,1,20,yhjj1006,20,21,21,0
1189,2,21,yhjj927,21,22,22,0
1189,2,22,yhjj903,22,23,23,0
1189,2,23,yhjj896,23,24,24,0
1189,2,24,yhjj955,24,25,25,0
1189,2,25,yhjj962,25,26,26,0
1189,2,26,yhjj873,26,27,27,0
1189,2,27,yhjj907,27,28,28,0
1189,2,28,yhjj819,28,29,29,0
1189,2,29,yhjj844,29,30,30,0
1189,2,30,yhjj827,30,31,31,0
1189,2,31,yhjj889,31,32,32,0
1189,2,32,yhjj947,32,33,33,0
1189,2,33,yhjj938,33,34,34,0
1189,2,34,yhjj928,34,35,35,0
1189,2,35,yhjj850,35,36,36,0
1189,2,36,yhjj894,36,37,37,0
1189,2,37,yhjj971,37,38,38,0
1189,2,38,yhjj965,38,39,39,0
1189,2,39,yhjj921,39,40,40,0
1189,2,40,yhjj951,40,41,41,0
1189,3,41,yhjj916,41,42,42,0
1189,3,42,yhjj869,42,43,43,0
1189,3,43,yhjj854,43,44,44,0
1189,3,44,yhjj875,44,45,45,0
1189,3,45,yhjj922,45,46,46,0
1189,3,46,yhjj924,46,47,47,0
1189,3,47,yhjj881,47,48,48,0
1189,3,48,yhjj890,48,49,49,0
1189,3,49,yhjj913,49,50,50,0
1189,3,50,yhjj898,50,51,51,0
1189,3,51,yhjj1003,51,52,52,0
1189,3,52,yhjj984,52,53,53,0
1189,3,53,yhjj877,53,54,54,0
1189,3,54,yhjj969,54,55,55,0
1189,3,55,yhjj995,55,56,56,0
1189,3,56,yhjj874,56,57,57,0
1189,3,57,yhjj999,57,58,58,0
1189,3,58,yhjj876,58,59,59,0
1189,3,59,yhjj840,59,60,60,0
1189,3,60,yhjj994,60,61,61,0
1189,4,61,yhjj887,61,62,62,0
1189,4,62,yhjj843,62,63,63,0
1189,4,63,yhjj900,63,64,64,0
1189,4,64,yhjj855,64,65,65,0
1189,4,65,yhjj959,65,66,66,0
1189,4,66,yhjj872,66,67,67,0
1189,4,67,yhjj952,67,68,68,0
1189,4,68,yhjj904,68,69,69,0
1189,4,69,yhjj932,69,70,70,0
1189,4,70,yhjj925,70,71,71,0
1189,4,71,yhjj968,71,72,72,0
1189,4,72,yhjj998,72,73,73,0
1189,4,73,yhjj967,73,74,74,0
1189,4,74,yhjj836,74,75,75,0
1189,4,75,yhjj880,75,76,76,0
1189,4,76,yhjj831,76,77,77,0
1189,4,77,yhjj935,77,78,78,0
1189,4,78,yhjj851,78,79,79,0
1189,4,79,yhjj931,79,80,80,0
1189,4,80,yhjj948,80,81,81,0
1189,5,81,yhjj825,81,82,82,0
1189,5,82,yhjj986,82,83,83,0
1189,5,83,yhjj862,83,84,84,0
1189,5,84,yhjj946,84,85,85,0
1189,5,85,yhjj865,85,86,86,0
1189,5,86,yhjj919,86,87,87,0
1189,5,87,yhjj993,87,88,88,0
1189,5,88,yhjj941,88,89,89,0
1189,5,89,yhjj906,89,90,90,0
1189,5,90,yhjj988,90,91,91,0
1189,5,91,yhjj972,91,92,92,0
1189,5,92,yhjj914,92,93,93,0
1189,5,93,yhjj830,93,94,94,0
1189,5,94,yhjj868,94,95,95,0
1189,5,95,yhjj879,95,96,96,0
1189,5,96,yhjj957,96,97,97,0
1189,5,97,yhjj960,97,98,98,0
1189,5,98,yhjj870,98,99,99,0
1189,5,99,yhjj891,99,100,100,0
1189,5,100,yhjj964,100,,100,0
1189,6,101,yhjj991,100,,100,0
1189,6,102,yhjj856,100,,100,0
1189,6,103,yhjj866,100,,100,0
1189,6,104,yhjj1007,100,,100,0
1189,6,105,yhjj846,100,,100,0
1189,6,106,yhjj838,100,,100,0
1189,6,107,yhjj937,100,,100,0
1189,6,108,yhjj820,100,,100,0
1189,6,109,yhjj977,100,,100,0
1189,6,110,yhjj934,100,,100,0
1189,6,111,yhjj954,100,,100,0
1189,6,112,yhjj829,100,,100,0
1189,6,113,yhjj895,100,,100,0
1189,6,114,yhjj847,100,,100,0
1189,6,115,yhjj996,100,,100,0
1189,6,116,yhjj852,100,,100,0
1189,6,117,yhjj912,100,,100,0
1189,6,118,yhjj892,100,,100,0
1189,6,119,yhjj845,100,,100,0
1189,6,120,yhjj857,100,,100,0
1189,7,121,yhjj905,100,,100,0
1189,7,122,yhjj883,100,,100,0
1189,7,123,yhjj917,100,,100,0
1189,7,124,yhjj901,100,,100,0
1189,7,125,yhjj942,100,,100,0
1189,7,126,yhjj970,100,,100,0
1189,7,127,yhjj1004,100,,100,0
1189,7,128,yhjj923,100,,100,0
1189,7,129,yhjj821,100,,100,0
1189,7,130,yhjj835,100,,100,0
1189,7,131,yhjj966,100,,100,0
1189,7,132,yhjj863,100,,100,0
1189,7,133,yhjj949,100,,100,0
1189,7,134,yhjj897,100,,100,0
1189,7,135,yhjj860,100,,100,0
1189,7,136,yhjj867,100,,100,0
1189,7,137,yhjj936,100,,100,0
1189,7,138,yhjj933,100,,100,0
1189,7,139,yhjj985,100,,100,0
1189,7,140,yhjj958,100,,100,0
1189,8,141,yhjj1012,100,,100,0
1189,8,142,yhjj1018,100,,100,0
1189,8,143,yhjj976,100,,100,0
1189,8,144,yhjj975,100,,100,0
1189,8,145,yhjj1011,100,,100,0
1189,8,146,yhjj824,100,,100,0
1189,8,147,yhjj839,100,,100,0
1189,8,148,yhjj878,100,,100,0
1189,8,149,yhjj834,100,,100,0
1189,8,150,yhjj911,100,,100,0
1189,8,151,yhjj961,100,,100,0
1189,8,152,yhjj997,100,,100,0
1189,8,153,yhjj950,100,,100,0
1189,8,154,yhjj989,100,,100,0
1189,8,155,yhjj918,100,,100,0
1189,8,156,yhjj884,100,,100,0
1189,8,157,yhjj837,100,,100,0
1189,8,158,yhjj982,100,,100,0
1189,8,159,yhjj909,100,,100,0
1189,8,160,yhjj974,100,,100,0
1189,9,161,yhjj1017,100,,100,0
1189,9,162,yhjj908,100,,100,0
1189,9,163,yhjj1016,100,,100,0
1189,9,164,yhjj859,100,,100,0
1189,9,165,yhjj939,100,,100,0
1189,9,166,yhjj953,100,,100,0
1189,9,167,yhjj930,100,,100,0
1189,9,168,yhjj940,100,,100,0
1189,9,169,yhjj1002,100,,100,0
1189,9,170,yhjj910,100,,100,0
1189,9,171,yhjj1000,100,,100,0
1189,9,172,yhjj823,100,,100,0
1189,9,173,yhjj929,100,,100,0
1189,9,174,yhjj980,100,,100,0
1189,9,175,yhjj822,100,,100,0
1189,9,176,yhjj987,100,,100,0
1189,9,177,yhjj979,100,,100,0
1189,9,178,yhjj944,100,,100,0
1189,9,179,yhjj978,100,,100,0
1189,9,180,yhjj992,100,,100,0
1189,10,181,yhjj888,100,,100,0
1189,10,182,yhjj981,100,,100,0
1189,10,183,yhjj963,100,,100,0
1189,10,184,yhjj1005,100,,100,0
1189,10,185,yhjj983,100,,100,0
1189,10,186,yhjj915,100,,100,0
1189,10,187,yhjj1001,100,,100,0
1189,10,188,yhjj899,100,,100,0
1189,10,189,yhjj882,100,,100,0
1189,10,190,yhjj893,100,,100,0
1189,10,191,yhjj1010,100,,100,0
1189,10,192,yhjj1014,100,,100,0
1189,10,193,yhjj1009,100,,100,0
1189,10,194,yhjj1008,100,,100,0
1189,10,195,yhjj1015,100,,100,0
1189,10,196,yhjj1013,100,,100,0
1189,10,197,yhjj871,100,,100,0
1189,10,198,yhjj920,100,,100,0
1189,10,199,yhjj943,100,,100,0
1189,10,200,yhjj990,100,,100,0
1190,1,1,yhjj832,1,2,2,0
1190,1,2,yhjj861,2,3,3,0
1190,1,3,yhjj858,3,4,4,0
1190,1,4,yhjj820,4,5,5,0
1190,1,5,yhjj833,5,6,6,0
1190,1,6,yhjj889,6,7,7,0
1190,1,7,yhjj970,7,8,8,0
1190,1,8,yhjj826,8,9,9,0
1190,1,9,yhjj876,9,10,10,0
1190,1,10,yhjj849,10,11,11,0
1190,1,11,yhjj870,11,12,12,0
1190,1,12,yhjj827,12,13,13,0
1190,1,13,yhjj842,13,14,14,0
1190,1,14,yhjj878,14,15,15,0
1190,1,15,yhjj877,15,16,16,0
1190,1,16,yhjj856,16,17,17,0
1190,1,17,yhjj997,17,18,18,0
1190,1,18,yhjj983,18,19,19,0
1190,1,19,yhjj948,19,20,20,0
1190,1,20,yhjj831,20,21,21,0
1190,2,21,yhjj927,21,22,22,0
1190,2,22,yhjj875,22,23,23,0
1190,2,23,yhjj865,23,24,24,0
1190,2,24,yhjj836,24,25,25,0
1190,2,25,yhjj885,25,26,26,0
1190,2,26,yhjj837,26,27,27,0
1190,2,27,yhjj843,27,28,28,0
1190,2,28,yhjj838,28,29,29,0
1190,2,29,yhjj868,29,30,30,0
1190,2,30,yhjj867,30,31,31,0
1190,2,31,yhjj914,31,32,32,0
1190,2,32,yhjj898,32,33,33,0
1190,2,33,yhjj887,33,34,34,0
1190,2,34,yhjj830,34,35,35,0
1190,2,35,yhjj821,35,36,36,0
1190,2,36,yhjj933,36,37,37,0
1190,2,37,yhjj976,37,38,38,0
1190,2,38,yhjj879,38,39,39,0
1190,2,39,yhjj918,39,40,40,0
1190,2,40,yhjj930,40,41,41,0
1190,3,41,yhjj1000,41,42,42,0
1190,3,42,yhjj961,42,43,43,0
1190,3,43,yhjj873,43,44,44,0
1190,3,44,yhjj824,44,45,45,0
1190,3,45,yhjj883,45,46,46,0
1190,3,46,yhjj963,46,47,47,0
1190,3,47,yhjj845,47,48,48,0
1190,3,48,yhjj985,48,49,49,0
1190,3,49,yhjj957,49,50,50,0
1190,3,50,yhjj888,50,51,51,0
1190,3,51,yhjj984,51,52,52,0
1190,3,52,yhjj866,52,53,53,0
1190,3,53,yhjj902,53,54,54,0
1190,3,54,yhjj1010,54,55,55,0
1190,3,55,yhjj932,55,56,56,0
1190,3,56,yhjj853,56,57,57,0
1190,3,57,yhjj917,57,58,58,0
1190,3,58,yhjj846,58,59,59,0
1190,3,59,yhjj896,59,60,60,0
1190,3,60,yhjj922,60,61,61,0
1190,4,61,yhjj958,61,62,62,0
1190,4,62,yhjj872,62,63,63,0
1190,4,63,yhjj851,63,64,64,0
1190,4,64,yhjj951,64,65,65,0
1190,4,65,yhjj919,65,66,66,0
1190,4,66,yhjj977,66,67,67,0
1190,4,67,yhjj848,67,68,68,0
1190,4,68,yhjj904,68,69,69,0
1190,4,69,yhjj874,69,70,70,0
1190,4,70,yhjj860,70,71,71,0
1190,4,71,yhjj1001,71,72,72,0
1190,4,72,yhjj881,72,73,73,0
1190,4,73,yhjj975,73,74,74,0
1190,4,74,yhjj1008,74,75,75,0
1190,4,75,yhjj880,75,76,76,0
1190,4,76,yhjj935,76,77,77,0
1190,4,77,yhjj882,77,78,78,0
1190,4,78,yhjj1003,78,79,79,0
1190,4,79,yhjj924,79,80,80,0
1190,4,80,yhjj1005,80,81,81,0
1190,5,81,yhjj854,81,82,82,0
1190,5,82,yhjj950,82,83,83,0
1190,5,83,yhjj906,83,84,84,0
1190,5,84,yhjj1006,84,85,85,0
1190,5,85,yhjj871,85,86,86,0
1190,5,86,yhjj937,86,87,87,0
1190,5,87,yhjj956,87,88,88,0
1190,5,88,yhjj978,88,89,89,0
1190,5,89,yhjj829,89,90,90,0
1190,5,90,yhjj992,90,91,91,0
1190,5,91,yhjj979,91,92,92,0
1190,5,92,yhjj900,92,93,93,0
1190,5,93,yhjj1016,93,94,94,0
1190,5,94,yhjj916,94,95,95,0
1190,5,95,yhjj863,95,96,96,0
1190,5,96,yhjj869,96,97,97,0
1190,5,97,yhjj947,97,98,98,0
1190,5,98,yhjj895,98,99,99,0
1190,5,99,yhjj912,99,100,100,0
1190,5,100,yhjj1018,100,,100,0
1190,6,101,yhjj965,100,,100,0
1190,6,102,yhjj991,100,,100,0
1190,6,103,yhjj939,100,,100,0
1190,6,104,yhjj994,100,,100,0
1190,6,105,yhjj893,100,,100,0
1190,6,106,yhjj1009,100,,100,0
1190,6,107,yhjj986,100,,100,0
1190,6,108,yhjj952,100,,100,0
1190,6,109,yhjj940,100,,100,0
1190,6,110,yhjj1015,100,,100,0
1190,6,111,yhjj949,100,,100,0
1190,6,112,yhjj905,100,,100,0
1190,6,113,yhjj825,100,,100,0
1190,6,114,yhjj931,100,,100,0
1190,6,115,yhjj943,100,,100,0
1190,6,116,yhjj819,100,,100,0
1190,6,117,yhjj959,100,,100,0
1190,6,118,yhjj862,100,,100,0
1190,6,119,yhjj913,100,,100,0
1190,6,120,yhjj822,100,,100,0
1190,7,121,yhjj945,100,,100,0
1190,7,122,yhjj828,100,,100,0
1190,7,123,yhjj973,100,,100,0
1190,7,124,yhjj944,100,,100,0
1190,7,125,yhjj989,100,,100,0
1190,7,126,yhjj907,100,,100,0
1190,7,127,yhjj899,100,,100,0
1190,7,128,yhjj966,100,,100,0
1190,7,129,yhjj901,100,,100,0
1190,7,130,yhjj1004,100,,100,0
1190,7,131,yhjj960,100,,100,0
1190,7,132,yhjj942,100,,100,0
1190,7,133,yhjj972,100,,100,0
1190,7,134,yhjj890,100,,100,0
1190,7,135,yhjj1011,100,,100,0
1190,7,136,yhjj897,100,,100,0
1190,7,137,yhjj921,100,,100,0
1190,7,138,yhjj864,100,,100,0
1190,7,139,yhjj928,100,,100,0
1190,7,140,yhjj823,100,,100,0
1190,8,141,yhjj995,100,,100,0
1190,8,142,yhjj840,100,,100,0
1190,8,143,yhjj1014,100,,100,0
1190,8,144,yhjj915,100,,100,0
1190,8,145,yhjj1013,100,,100,0
1190,8,146,yhjj987,100,,100,0
1190,8,147,yhjj993,100,,100,0
1190,8,148,yhjj847,100,,100,0
1190,8,149,yhjj988,100,,100,0
1190,8,150,yhjj982,100,,100,0
1190,8,151,yhjj923,100,,100,0
1190,8,152,yhjj929,100,,100,0
1190,8,153,yhjj859,100,,100,0
1190,8,154,yhjj980,100,,100,0
1190,8,155,yhjj834,100,,100,0
1190,8,156,yhjj903,100,,100,0
1190,8,157,yhjj968,100,,100,0
1190,8,158,yhjj938,100,,100,0
1190,8,159,yhjj850,100,,100,0
1190,8,160,yhjj996,100,,100,0
1190,9,161,yhjj969,100,,100,0
1190,9,162,yhjj910,100,,100,0
1190,9,163,yhjj844,100,,100,0
1190,9,164,yhjj941,100,,100,0
1190,9,165,yhjj892,100,,100,0
1190,9,166,yhjj852,100,,100,0
1190,9,167,yhjj841,100,,100,0
1190,9,168,yhjj955,100,,100,0
1190,9,169,yhjj964,100,,100,0
1190,9,170,yhjj884,100,,100,0
1190,9,171,yhjj886,100,,100,0
1190,9,172,yhjj1017,100,,100,0
1190,9,173,yhjj857,100,,100,0
1190,9,174,yhjj934,100,,100,0
1190,9,175,yhjj1007,100,,100,0
1190,9,176,yhjj894,100,,100,0
1190,9,177,yhjj971,100,,100,0
1190,9,178,yhjj909,100,,100,0
1190,9,179,yhjj967,100,,100,0
1190,9,180,yhjj911,100,,100,0
1190,10,181,yhjj962,100,,100,0
1190,10,182,yhjj1002,100,,100,0
1190,10,183,yhjj925,100,,100,0
1190,10,184,yhjj998,100,,100,0
1190,10,185,yhjj891,100,,100,0
1190,10,186,yhjj999,100,,100,0
1190,10,187,yhjj936,100,,100,0
1190,10,188,yhjj954,100,,100,0
1190,10,189,yhjj981,100,,100,0
1190,10,190,yhjj926,100,,100,0
1190,10,191,yhjj835,100,,100,0
1190,10,192,yhjj974,100,,100,0
1190,10,193,yhjj839,100,,100,0
1190,10,194,yhjj946,100,,100,0
1190,10,195,yhjj855,100,,100,0
1190,10,196,yhjj908,100,,100,0
1190,10,197,yhjj920,100,,100,0
1190,10,198,yhjj953,100,,100,0
1190,10,199,yhjj990,100,,100,0
1190,10,200,yhjj1012,100,,100,0
